market,selection,bucket_type,bucket,sample_count,hit_rate,avg_odds,roi,max_losing_streak,max_drawdown,league_distribution,season_distribution,positive_roi_bucket,phase5_reject_reason,stability_status,stability_reject_reasons,watchlist_reasons,research_only,recommendation_generated,official_written,pending_written,qq_written
1X2,home,closing_fair_probability,0.0-0.1,206,0.07767,12.26699,-0.048544,31,-0.199029,"{""B1"": 8, ""N1"": 61, ""P1"": 59, ""SC0"": 70, ""T1"": 8}","{""2020/21"": 42, ""2021/22"": 43, ""2022/23"": 44, ""2023/24"": 42, ""2024/25"": 35}",NO,SMALL_SAMPLE,REJECT_NON_POSITIVE_ROI|REJECT_SMALL_SAMPLE,REJECT_NON_POSITIVE_ROI|REJECT_SMALL_SAMPLE,NONE,YES,NO,NO,NO,NO
1X2,home,closing_fair_probability,0.1-0.2,675,0.111111,6.437852,-0.321111,30,-0.336296,"{""B1"": 127, ""N1"": 164, ""P1"": 182, ""SC0"": 101, ""T1"": 101}","{""2020/21"": 147, ""2021/22"": 124, ""2022/23"": 119, ""2023/24"": 147, ""2024/25"": 138}",NO,NONE,REJECT_NON_POSITIVE_ROI,REJECT_NON_POSITIVE_ROI,NONE,YES,NO,NO,NO,NO
1X2,home,closing_fair_probability,0.2-0.3,882,0.241497,3.734297,-0.112154,19,-0.136395,"{""B1"": 249, ""N1"": 173, ""P1"": 126, ""SC0"": 119, ""T1"": 215}","{""2020/21"": 241, ""2021/22"": 160, ""2022/23"": 162, ""2023/24"": 153, ""2024/25"": 166}",NO,NONE,REJECT_NON_POSITIVE_ROI,REJECT_NON_POSITIVE_ROI,NONE,YES,NO,NO,NO,NO
1X2,home,closing_fair_probability,0.3-0.4,1605,0.344548,2.677097,-0.086081,14,-0.100947,"{""B1"": 315, ""N1"": 257, ""P1"": 356, ""SC0"": 246, ""T1"": 431}","{""2020/21"": 323, ""2021/22"": 338, ""2022/23"": 317, ""2023/24"": 316, ""2024/25"": 311}",NO,NONE,REJECT_NON_POSITIVE_ROI,REJECT_NON_POSITIVE_ROI,NONE,YES,NO,NO,NO,NO
1X2,home,closing_fair_probability,0.4-0.5,1688,0.449052,2.097233,-0.062778,11,-0.077725,"{""B1"": 322, ""N1"": 267, ""P1"": 374, ""SC0"": 226, ""T1"": 499}","{""2020/21"": 330, ""2021/22"": 351, ""2022/23"": 342, ""2023/24"": 363, ""2024/25"": 302}",NO,NONE,REJECT_NON_POSITIVE_ROI,REJECT_NON_POSITIVE_ROI,NONE,YES,NO,NO,NO,NO
1X2,home,closing_fair_probability,0.5-0.6,1071,0.571429,1.721158,-0.01887,9,-0.045359,"{""B1"": 244, ""N1"": 206, ""P1"": 143, ""SC0"": 165, ""T1"": 313}","{""2020/21"": 209, ""2021/22"": 226, ""2022/23"": 197, ""2023/24"": 202, ""2024/25"": 237}",NO,NONE,REJECT_NON_POSITIVE_ROI,REJECT_NON_POSITIVE_ROI,NONE,YES,NO,NO,NO,NO
1X2,home,closing_fair_probability,0.6-0.7,655,0.667176,1.454351,-0.031496,4,-0.046,"{""B1"": 180, ""N1"": 173, ""P1"": 84, ""SC0"": 57, ""T1"": 161}","{""2020/21"": 143, ""2021/22"": 139, ""2022/23"": 119, ""2023/24"": 115, ""2024/25"": 139}",NO,NONE,REJECT_NON_POSITIVE_ROI,REJECT_NON_POSITIVE_ROI,NONE,YES,NO,NO,NO,NO
1X2,home,closing_fair_probability,0.7-0.8,506,0.810277,1.254625,0.015692,3,-0.022115,"{""B1"": 85, ""N1"": 129, ""P1"": 136, ""SC0"": 71, ""T1"": 85}","{""2020/21"": 98, ""2021/22"": 90, ""2022/23"": 94, ""2023/24"": 127, ""2024/25"": 97}",YES,NONE,WATCHLIST_RESEARCH_ONLY,NONE,WATCH_LOW_SAMPLE_MARGIN,YES,NO,NO,NO,NO
1X2,home,closing_fair_probability,0.8-0.9,279,0.899642,1.12724,0.012939,2,-0.012688,"{""B1"": 12, ""N1"": 92, ""P1"": 70, ""SC0"": 84, ""T1"": 21}","{""2020/21"": 33, ""2021/22"": 50, ""2022/23"": 64, ""2023/24"": 63, ""2024/25"": 69}",YES,SMALL_SAMPLE,REJECT_SMALL_SAMPLE,REJECT_SMALL_SAMPLE,NONE,YES,NO,NO,NO,NO
1X2,home,closing_fair_probability,0.9-1.0,9,0.888889,1.04,-0.076667,1,-0.111111,"{""N1"": 7, ""SC0"": 1, ""T1"": 1}","{""2021/22"": 5, ""2023/24"": 4}",NO,SMALL_SAMPLE|CONCENTRATION_RISK,REJECT_CONCENTRATION|REJECT_NON_POSITIVE_ROI|REJECT_SMALL_SAMPLE,REJECT_CONCENTRATION|REJECT_NON_POSITIVE_ROI|REJECT_SMALL_SAMPLE,NONE,YES,NO,NO,NO,NO
1X2,home,closing_fair_probability,MISSING,0,0,0,0,0,0,{},{},NO,SMALL_SAMPLE,REJECT_NON_POSITIVE_ROI|REJECT_SMALL_SAMPLE,REJECT_NON_POSITIVE_ROI|REJECT_SMALL_SAMPLE,NONE,YES,NO,NO,NO,NO
1X2,draw,closing_fair_probability,0.0-0.1,101,0.059406,11.559406,-0.247525,45,-0.455446,"{""B1"": 4, ""N1"": 46, ""P1"": 15, ""SC0"": 31, ""T1"": 5}","{""2020/21"": 13, ""2021/22"": 15, ""2022/23"": 24, ""2023/24"": 27, ""2024/25"": 22}",NO,SMALL_SAMPLE,REJECT_NON_POSITIVE_ROI|REJECT_SMALL_SAMPLE,REJECT_NON_POSITIVE_ROI|REJECT_SMALL_SAMPLE,NONE,YES,NO,NO,NO,NO
1X2,draw,closing_fair_probability,0.1-0.2,1365,0.141392,6.054945,-0.177289,32,-0.195971,"{""B1"": 180, ""N1"": 390, ""P1"": 336, ""SC0"": 249, ""T1"": 210}","{""2020/21"": 237, ""2021/22"": 258, ""2022/23"": 274, ""2023/24"": 315, ""2024/25"": 281}",NO,NONE,REJECT_NON_POSITIVE_ROI,REJECT_NON_POSITIVE_ROI,NONE,YES,NO,NO,NO,NO
1X2,draw,closing_fair_probability,0.2-0.3,5554,0.267015,3.639231,-0.043252,26,-0.044995,"{""B1"": 1332, ""N1"": 1082, ""P1"": 886, ""SC0"": 712, ""T1"": 1542}","{""2020/21"": 1185, ""2021/22"": 1120, ""2022/23"": 1062, ""2023/24"": 1114, ""2024/25"": 1073}",NO,NONE,REJECT_NON_POSITIVE_ROI,REJECT_NON_POSITIVE_ROI,NONE,YES,NO,NO,NO,NO
1X2,draw,closing_fair_probability,0.3-0.4,556,0.298561,3.033147,-0.095935,11,-0.12482,"{""B1"": 26, ""N1"": 11, ""P1"": 293, ""SC0"": 148, ""T1"": 78}","{""2020/21"": 131, ""2021/22"": 133, ""2022/23"": 98, ""2023/24"": 76, ""2024/25"": 118}",NO,NONE,REJECT_NON_POSITIVE_ROI,REJECT_NON_POSITIVE_ROI,NONE,YES,NO,NO,NO,NO
1X2,draw,closing_fair_probability,MISSING,1,1,3.75,2.75,0,0,"{""N1"": 1}","{""2022/23"": 1}",YES,SMALL_SAMPLE|CONCENTRATION_RISK,REJECT_CONCENTRATION|REJECT_SMALL_SAMPLE,REJECT_CONCENTRATION|REJECT_SMALL_SAMPLE,NONE,YES,NO,NO,NO,NO
1X2,away,closing_fair_probability,0.0-0.1,639,0.034429,14.533646,-0.534429,79,-0.562598,"{""B1"": 56, ""N1"": 193, ""P1"": 180, ""SC0"": 146, ""T1"": 64}","{""2020/21"": 99, ""2021/22"": 120, ""2022/23"": 133, ""2023/24"": 157, ""2024/25"": 130}",NO,NONE,REJECT_NON_POSITIVE_ROI,REJECT_NON_POSITIVE_ROI,NONE,YES,NO,NO,NO,NO
1X2,away,closing_fair_probability,0.1-0.2,1297,0.145721,6.252159,-0.129915,37,-0.17714,"{""B1"": 319, ""N1"": 300, ""P1"": 197, ""SC0"": 151, ""T1"": 330}","{""2020/21"": 276, ""2021/22"": 284, ""2022/23"": 220, ""2023/24"": 235, ""2024/25"": 282}",NO,NONE,REJECT_NON_POSITIVE_ROI,REJECT_NON_POSITIVE_ROI,NONE,YES,NO,NO,NO,NO
1X2,away,closing_fair_probability,0.2-0.3,2009,0.22449,3.75341,-0.169597,32,-0.178104,"{""B1"": 378, ""N1"": 316, ""P1"": 422, ""SC0"": 297, ""T1"": 596}","{""2020/21"": 399, ""2021/22"": 406, ""2022/23"": 414, ""2023/24"": 414, ""2024/25"": 376}",NO,NONE,REJECT_NON_POSITIVE_ROI,REJECT_NON_POSITIVE_ROI,NONE,YES,NO,NO,NO,NO
1X2,away,closing_fair_probability,0.3-0.4,1617,0.337662,2.735634,-0.088262,14,-0.092127,"{""B1"": 318, ""N1"": 258, ""P1"": 353, ""SC0"": 243, ""T1"": 445}","{""2020/21"": 315, ""2021/22"": 333, ""2022/23"": 318, ""2023/24"": 328, ""2024/25"": 323}",NO,NONE,REJECT_NON_POSITIVE_ROI,REJECT_NON_POSITIVE_ROI,NONE,YES,NO,NO,NO,NO
1X2,away,closing_fair_probability,0.4-0.5,850,0.46,2.112647,-0.031965,11,-0.062847,"{""B1"": 250, ""N1"": 166, ""P1"": 112, ""SC0"": 106, ""T1"": 216}","{""2020/21"": 214, ""2021/22"": 161, ""2022/23"": 157, ""2023/24"": 157, ""2024/25"": 161}",NO,NONE,REJECT_NON_POSITIVE_ROI,REJECT_NON_POSITIVE_ROI,NONE,YES,NO,NO,NO,NO
1X2,away,closing_fair_probability,0.5-0.6,485,0.591753,1.71233,0.007175,6,-0.057711,"{""B1"": 145, ""N1"": 115, ""P1"": 68, ""SC0"": 41, ""T1"": 116}","{""2020/21"": 121, ""2021/22"": 100, ""2022/23"": 84, ""2023/24"": 87, ""2024/25"": 93}",YES,SMALL_SAMPLE,REJECT_SMALL_SAMPLE,REJECT_SMALL_SAMPLE,NONE,YES,NO,NO,NO,NO
1X2,away,closing_fair_probability,0.6-0.7,384,0.705729,1.448724,0.01987,6,-0.039089,"{""B1"": 63, ""N1"": 98, ""P1"": 115, ""SC0"": 58, ""T1"": 50}","{""2020/21"": 84, ""2021/22"": 68, ""2022/23"": 73, ""2023/24"": 85, ""2024/25"": 74}",YES,SMALL_SAMPLE,REJECT_SMALL_SAMPLE,REJECT_SMALL_SAMPLE,NONE,YES,NO,NO,NO,NO
1X2,away,closing_fair_probability,0.7-0.8,249,0.799197,1.266827,0.011325,3,-0.029759,"{""B1"": 13, ""N1"": 61, ""P1"": 77, ""SC0"": 81, ""T1"": 17}","{""2020/21"": 46, ""2021/22"": 44, ""2022/23"": 52, ""2023/24"": 61, ""2024/25"": 46}",YES,SMALL_SAMPLE,REJECT_SMALL_SAMPLE,REJECT_SMALL_SAMPLE,NONE,YES,NO,NO,NO,NO
1X2,away,closing_fair_probability,0.8-0.9,46,0.847826,1.139783,-0.033696,3,-0.065217,"{""N1"": 22, ""P1"": 6, ""SC0"": 17, ""T1"": 1}","{""2020/21"": 12, ""2021/22"": 10, ""2022/23"": 7, ""2023/24"": 8, ""2024/25"": 9}",NO,SMALL_SAMPLE,REJECT_NON_POSITIVE_ROI|REJECT_SMALL_SAMPLE,REJECT_NON_POSITIVE_ROI|REJECT_SMALL_SAMPLE,NONE,YES,NO,NO,NO,NO
1X2,away,closing_fair_probability,MISSING,1,0,1.91,-1,1,-1,"{""N1"": 1}","{""2022/23"": 1}",NO,SMALL_SAMPLE|CONCENTRATION_RISK,REJECT_CONCENTRATION|REJECT_NON_POSITIVE_ROI|REJECT_SMALL_SAMPLE,REJECT_CONCENTRATION|REJECT_NON_POSITIVE_ROI|REJECT_SMALL_SAMPLE,NONE,YES,NO,NO,NO,NO
AH,home_handicap,closing_line,-0.25,1379,0.426396,1.947215,-0.016178,9,-0.035954,"{""B1"": 233, ""N1"": 202, ""P1"": 336, ""SC0"": 207, ""T1"": 401}","{""2020/21"": 274, ""2021/22"": 293, ""2022/23"": 276, ""2023/24"": 301, ""2024/25"": 235}",NO,NONE,REJECT_NON_POSITIVE_ROI,REJECT_NON_POSITIVE_ROI,NONE,YES,NO,NO,NO,NO
AH,home_handicap,closing_line,-0.50,906,0.492274,1.942274,-0.044724,8,-0.053543,"{""B1"": 163, ""N1"": 156, ""P1"": 182, ""SC0"": 142, ""T1"": 263}","{""2020/21"": 166, ""2021/22"": 196, ""2022/23"": 186, ""2023/24"": 181, ""2024/25"": 177}",NO,NONE,REJECT_NON_POSITIVE_ROI,REJECT_NON_POSITIVE_ROI,NONE,YES,NO,NO,NO,NO
AH,home_handicap,closing_line,-0.75,617,0.614263,1.927812,0.060024,7,-0.021386,"{""B1"": 161, ""N1"": 119, ""P1"": 78, ""SC0"": 95, ""T1"": 164}","{""2020/21"": 117, ""2021/22"": 119, ""2022/23"": 109, ""2023/24"": 122, ""2024/25"": 150}",YES,NONE,WATCHLIST_RESEARCH_ONLY,NONE,WATCH_LOW_SAMPLE_MARGIN,YES,NO,NO,NO,NO
AH,home_handicap,closing_line,-1.00,411,0.333333,1.936691,-0.073942,4,-0.091022,"{""B1"": 127, ""N1"": 93, ""P1"": 46, ""SC0"": 38, ""T1"": 107}","{""2020/21"": 88, ""2021/22"": 89, ""2022/23"": 74, ""2023/24"": 79, ""2024/25"": 81}",NO,SMALL_SAMPLE,REJECT_NON_POSITIVE_ROI|REJECT_SMALL_SAMPLE,REJECT_NON_POSITIVE_ROI|REJECT_SMALL_SAMPLE,NONE,YES,NO,NO,NO,NO
AH,home_handicap,closing_line,-1.25,287,0.439024,1.940592,-0.029024,9,-0.055854,"{""B1"": 72, ""N1"": 75, ""P1"": 45, ""SC0"": 19, ""T1"": 76}","{""2020/21"": 64, ""2021/22"": 66, ""2022/23"": 49, ""2023/24"": 44, ""2024/25"": 64}",NO,SMALL_SAMPLE,REJECT_NON_POSITIVE_ROI|REJECT_SMALL_SAMPLE,REJECT_NON_POSITIVE_ROI|REJECT_SMALL_SAMPLE,NONE,YES,NO,NO,NO,NO
AH,home_handicap,closing_line,-1.50,266,0.484962,1.934286,-0.068195,7,-0.081391,"{""B1"": 65, ""N1"": 70, ""P1"": 54, ""SC0"": 27, ""T1"": 50}","{""2020/21"": 62, ""2021/22"": 45, ""2022/23"": 56, ""2023/24"": 51, ""2024/25"": 52}",NO,SMALL_SAMPLE,REJECT_NON_POSITIVE_ROI|REJECT_SMALL_SAMPLE,REJECT_NON_POSITIVE_ROI|REJECT_SMALL_SAMPLE,NONE,YES,NO,NO,NO,NO
AH,home_handicap,closing_line,-1.75,183,0.584699,1.927213,0.031776,4,-0.043607,"{""B1"": 25, ""N1"": 51, ""P1"": 54, ""SC0"": 27, ""T1"": 26}","{""2020/21"": 30, ""2021/22"": 30, ""2022/23"": 33, ""2023/24"": 55, ""2024/25"": 35}",YES,SMALL_SAMPLE,REJECT_SMALL_SAMPLE,REJECT_SMALL_SAMPLE,NONE,YES,NO,NO,NO,NO
AH,home_handicap,closing_line,0.00,921,0.346363,1.923811,-0.043214,5,-0.055201,"{""B1"": 168, ""N1"": 137, ""P1"": 210, ""SC0"": 141, ""T1"": 265}","{""2020/21"": 206, ""2021/22"": 198, ""2022/23"": 181, ""2023/24"": 157, ""2024/25"": 179}",NO,NONE,REJECT_NON_POSITIVE_ROI,REJECT_NON_POSITIVE_ROI,NONE,YES,NO,NO,NO,NO
AH,home_handicap,closing_line,0.25,763,0.576671,1.891166,-0.035603,6,-0.060315,"{""B1"": 197, ""N1"": 141, ""P1"": 116, ""SC0"": 112, ""T1"": 197}","{""2020/21"": 184, ""2021/22"": 153, ""2022/23"": 133, ""2023/24"": 151, ""2024/25"": 142}",NO,NONE,REJECT_NON_POSITIVE_ROI,REJECT_NON_POSITIVE_ROI,NONE,YES,NO,NO,NO,NO
AH,home_handicap,closing_line,0.50,386,0.502591,1.915233,-0.033627,8,-0.063187,"{""B1"": 119, ""N1"": 77, ""P1"": 53, ""SC0"": 51, ""T1"": 86}","{""2020/21"": 105, ""2021/22"": 64, ""2022/23"": 73, ""2023/24"": 64, ""2024/25"": 80}",NO,SMALL_SAMPLE,REJECT_NON_POSITIVE_ROI|REJECT_SMALL_SAMPLE,REJECT_NON_POSITIVE_ROI|REJECT_SMALL_SAMPLE,NONE,YES,NO,NO,NO,NO
AH,home_handicap,closing_line,0.75,269,0.3829,1.923457,-0.107138,10,-0.139071,"{""B1"": 86, ""N1"": 62, ""P1"": 41, ""SC0"": 18, ""T1"": 62}","{""2020/21"": 64, ""2021/22"": 58, ""2022/23"": 42, ""2023/24"": 53, ""2024/25"": 52}",NO,SMALL_SAMPLE,REJECT_NON_POSITIVE_ROI|REJECT_SMALL_SAMPLE,REJECT_NON_POSITIVE_ROI|REJECT_SMALL_SAMPLE,NONE,YES,NO,NO,NO,NO
AH,home_handicap,closing_line,1.00,232,0.314655,1.913793,-0.121207,4,-0.121207,"{""B1"": 54, ""N1"": 64, ""P1"": 47, ""SC0"": 28, ""T1"": 39}","{""2020/21"": 63, ""2021/22"": 35, ""2022/23"": 43, ""2023/24"": 45, ""2024/25"": 46}",NO,SMALL_SAMPLE,REJECT_NON_POSITIVE_ROI|REJECT_SMALL_SAMPLE,REJECT_NON_POSITIVE_ROI|REJECT_SMALL_SAMPLE,NONE,YES,NO,NO,NO,NO
AH,home_handicap,closing_line,1.25,187,0.561497,1.904813,-0.053235,4,-0.083021,"{""B1"": 24, ""N1"": 43, ""P1"": 64, ""SC0"": 30, ""T1"": 26}","{""2020/21"": 32, ""2021/22"": 33, ""2022/23"": 41, ""2023/24"": 43, ""2024/25"": 38}",NO,SMALL_SAMPLE,REJECT_NON_POSITIVE_ROI|REJECT_SMALL_SAMPLE,REJECT_NON_POSITIVE_ROI|REJECT_SMALL_SAMPLE,NONE,YES,NO,NO,NO,NO
AH,home_handicap,closing_line,1.50,164,0.5,1.899146,-0.051037,5,-0.074085,"{""B1"": 14, ""N1"": 33, ""P1"": 62, ""SC0"": 45, ""T1"": 10}","{""2020/21"": 30, ""2021/22"": 35, ""2022/23"": 32, ""2023/24"": 38, ""2024/25"": 29}",NO,SMALL_SAMPLE,REJECT_NON_POSITIVE_ROI|REJECT_SMALL_SAMPLE,REJECT_NON_POSITIVE_ROI|REJECT_SMALL_SAMPLE,NONE,YES,NO,NO,NO,NO
AH,home_handicap,closing_line,1.75,86,0.395349,1.910349,-0.101279,9,-0.135116,"{""B1"": 4, ""N1"": 25, ""P1"": 25, ""SC0"": 25, ""T1"": 7}","{""2020/21"": 13, ""2021/22"": 13, ""2022/23"": 21, ""2023/24"": 27, ""2024/25"": 12}",NO,SMALL_SAMPLE,REJECT_NON_POSITIVE_ROI|REJECT_SMALL_SAMPLE,REJECT_NON_POSITIVE_ROI|REJECT_SMALL_SAMPLE,NONE,YES,NO,NO,NO,NO
AH,home_handicap,closing_line,<=-2.00,416,0.396635,1.952885,-0.064363,7,-0.078642,"{""B1"": 26, ""N1"": 137, ""P1"": 102, ""SC0"": 103, ""T1"": 48}","{""2020/21"": 46, ""2021/22"": 79, ""2022/23"": 93, ""2023/24"": 103, ""2024/25"": 95}",NO,SMALL_SAMPLE,REJECT_NON_POSITIVE_ROI|REJECT_SMALL_SAMPLE,REJECT_NON_POSITIVE_ROI|REJECT_SMALL_SAMPLE,NONE,YES,NO,NO,NO,NO
AH,home_handicap,closing_line,>=2.00,100,0.48,1.9113,0.0564,4,-0.0674,"{""B1"": 4, ""N1"": 45, ""P1"": 15, ""SC0"": 30, ""T1"": 6}","{""2020/21"": 21, ""2021/22"": 18, ""2022/23"": 17, ""2023/24"": 18, ""2024/25"": 26}",YES,SMALL_SAMPLE,REJECT_SMALL_SAMPLE,REJECT_SMALL_SAMPLE,NONE,YES,NO,NO,NO,NO
AH,home_handicap,closing_line,MISSING,0,0,0,0,0,0,{},{},NO,SMALL_SAMPLE,REJECT_NON_POSITIVE_ROI|REJECT_SMALL_SAMPLE,REJECT_NON_POSITIVE_ROI|REJECT_SMALL_SAMPLE,NONE,YES,NO,NO,NO,NO
OU25,over25,closing_fair_probability,0.2-0.3,9,0.444444,3.222222,0.422222,2,-0.222222,"{""P1"": 1, ""SC0"": 8}","{""2020/21"": 1, ""2021/22"": 7, ""2024/25"": 1}",YES,SMALL_SAMPLE|HIGH_DRAWDOWN_RISK|CONCENTRATION_RISK,REJECT_CONCENTRATION|REJECT_HIGH_DRAWDOWN|REJECT_SMALL_SAMPLE,REJECT_CONCENTRATION|REJECT_HIGH_DRAWDOWN|REJECT_SMALL_SAMPLE,NONE,YES,NO,NO,NO,NO
OU25,over25,closing_fair_probability,0.3-0.4,401,0.356608,2.544888,-0.094289,19,-0.110798,"{""B1"": 2, ""N1"": 5, ""P1"": 211, ""SC0"": 162, ""T1"": 21}","{""2020/21"": 111, ""2021/22"": 113, ""2022/23"": 74, ""2023/24"": 36, ""2024/25"": 67}",NO,SMALL_SAMPLE,REJECT_NON_POSITIVE_ROI|REJECT_SMALL_SAMPLE,REJECT_NON_POSITIVE_ROI|REJECT_SMALL_SAMPLE,NONE,YES,NO,NO,NO,NO
OU25,over25,closing_fair_probability,0.4-0.5,2490,0.450201,2.084823,-0.064622,14,-0.07045,"{""B1"": 309, ""N1"": 267, ""P1"": 744, ""SC0"": 523, ""T1"": 647}","{""2020/21"": 527, ""2021/22"": 544, ""2022/23"": 457, ""2023/24"": 461, ""2024/25"": 501}",NO,NONE,REJECT_NON_POSITIVE_ROI,REJECT_NON_POSITIVE_ROI,NONE,YES,NO,NO,NO,NO
OU25,over25,closing_fair_probability,0.5-0.6,3102,0.553514,1.71637,-0.052808,9,-0.053665,"{""B1"": 900, ""N1"": 733, ""P1"": 381, ""SC0"": 231, ""T1"": 857}","{""2020/21"": 654, ""2021/22"": 604, ""2022/23"": 604, ""2023/24"": 646, ""2024/25"": 594}",NO,NONE,REJECT_NON_POSITIVE_ROI,REJECT_NON_POSITIVE_ROI,NONE,YES,NO,NO,NO,NO
OU25,over25,closing_fair_probability,0.6-0.7,1247,0.667201,1.465333,-0.023192,6,-0.0349,"{""B1"": 311, ""N1"": 361, ""P1"": 166, ""SC0"": 159, ""T1"": 250}","{""2020/21"": 227, ""2021/22"": 209, ""2022/23"": 249, ""2023/24"": 311, ""2024/25"": 251}",NO,NONE,REJECT_NON_POSITIVE_ROI,REJECT_NON_POSITIVE_ROI,NONE,YES,NO,NO,NO,NO
OU25,over25,closing_fair_probability,0.7-0.8,300,0.766667,1.288933,-0.012667,3,-0.0468,"{""B1"": 20, ""N1"": 141, ""P1"": 26, ""SC0"": 57, ""T1"": 56}","{""2020/21"": 40, ""2021/22"": 44, ""2022/23"": 72, ""2023/24"": 69, ""2024/25"": 75}",NO,SMALL_SAMPLE,REJECT_NON_POSITIVE_ROI|REJECT_SMALL_SAMPLE,REJECT_NON_POSITIVE_ROI|REJECT_SMALL_SAMPLE,NONE,YES,NO,NO,NO,NO
OU25,over25,closing_fair_probability,0.8-0.9,27,0.962963,1.144444,0.101481,1,-0.037037,"{""N1"": 22, ""P1"": 1, ""T1"": 4}","{""2020/21"": 5, ""2021/22"": 5, ""2022/23"": 3, ""2023/24"": 9, ""2024/25"": 5}",YES,SMALL_SAMPLE|CONCENTRATION_RISK,REJECT_CONCENTRATION|REJECT_SMALL_SAMPLE,REJECT_CONCENTRATION|REJECT_SMALL_SAMPLE,NONE,YES,NO,NO,NO,NO
OU25,over25,closing_fair_probability,MISSING,0,0,0,0,0,0,{},{},NO,SMALL_SAMPLE,REJECT_NON_POSITIVE_ROI|REJECT_SMALL_SAMPLE,REJECT_NON_POSITIVE_ROI|REJECT_SMALL_SAMPLE,NONE,YES,NO,NO,NO,NO
OU25,under25,closing_fair_probability,0.1-0.2,27,0.037037,5.481481,-0.814815,19,-0.814815,"{""N1"": 22, ""P1"": 1, ""T1"": 4}","{""2020/21"": 5, ""2021/22"": 5, ""2022/23"": 3, ""2023/24"": 9, ""2024/25"": 5}",NO,SMALL_SAMPLE|CONCENTRATION_RISK,REJECT_CONCENTRATION|REJECT_NON_POSITIVE_ROI|REJECT_SMALL_SAMPLE,REJECT_CONCENTRATION|REJECT_NON_POSITIVE_ROI|REJECT_SMALL_SAMPLE,NONE,YES,NO,NO,NO,NO
OU25,under25,closing_fair_probability,0.2-0.3,300,0.233333,3.659733,-0.153267,17,-0.1557,"{""B1"": 20, ""N1"": 141, ""P1"": 26, ""SC0"": 57, ""T1"": 56}","{""2020/21"": 40, ""2021/22"": 44, ""2022/23"": 72, ""2023/24"": 69, ""2024/25"": 75}",NO,SMALL_SAMPLE,REJECT_NON_POSITIVE_ROI|REJECT_SMALL_SAMPLE,REJECT_NON_POSITIVE_ROI|REJECT_SMALL_SAMPLE,NONE,YES,NO,NO,NO,NO
OU25,under25,closing_fair_probability,0.3-0.4,1247,0.332799,2.64603,-0.122478,16,-0.124427,"{""B1"": 311, ""N1"": 361, ""P1"": 166, ""SC0"": 159, ""T1"": 250}","{""2020/21"": 227, ""2021/22"": 209, ""2022/23"": 249, ""2023/24"": 311, ""2024/25"": 251}",NO,NONE,REJECT_NON_POSITIVE_ROI,REJECT_NON_POSITIVE_ROI,NONE,YES,NO,NO,NO,NO
OU25,under25,closing_fair_probability,0.4-0.5,3365,0.451412,2.108155,-0.05318,12,-0.060404,"{""B1"": 950, ""N1"": 771, ""P1"": 415, ""SC0"": 287, ""T1"": 942}","{""2020/21"": 711, ""2021/22"": 659, ""2022/23"": 653, ""2023/24"": 689, ""2024/25"": 653}",NO,NONE,REJECT_NON_POSITIVE_ROI,REJECT_NON_POSITIVE_ROI,NONE,YES,NO,NO,NO,NO
OU25,under25,closing_fair_probability,0.5-0.6,2227,0.554558,1.735577,-0.040615,8,-0.044423,"{""B1"": 259, ""N1"": 229, ""P1"": 710, ""SC0"": 467, ""T1"": 562}","{""2020/21"": 470, ""2021/22"": 489, ""2022/23"": 408, ""2023/24"": 418, ""2024/25"": 442}",NO,NONE,REJECT_NON_POSITIVE_ROI,REJECT_NON_POSITIVE_ROI,NONE,YES,NO,NO,NO,NO
OU25,under25,closing_fair_probability,0.6-0.7,401,0.643392,1.499202,-0.036135,4,-0.064788,"{""B1"": 2, ""N1"": 5, ""P1"": 211, ""SC0"": 162, ""T1"": 21}","{""2020/21"": 111, ""2021/22"": 113, ""2022/23"": 74, ""2023/24"": 36, ""2024/25"": 67}",NO,SMALL_SAMPLE,REJECT_NON_POSITIVE_ROI|REJECT_SMALL_SAMPLE,REJECT_NON_POSITIVE_ROI|REJECT_SMALL_SAMPLE,NONE,YES,NO,NO,NO,NO
OU25,under25,closing_fair_probability,0.7-0.8,9,0.555556,1.356667,-0.247778,2,-0.404444,"{""P1"": 1, ""SC0"": 8}","{""2020/21"": 1, ""2021/22"": 7, ""2024/25"": 1}",NO,SMALL_SAMPLE|CONCENTRATION_RISK,REJECT_CONCENTRATION|REJECT_NON_POSITIVE_ROI|REJECT_SMALL_SAMPLE,REJECT_CONCENTRATION|REJECT_NON_POSITIVE_ROI|REJECT_SMALL_SAMPLE,NONE,YES,NO,NO,NO,NO
OU25,under25,closing_fair_probability,MISSING,0,0,0,0,0,0,{},{},NO,SMALL_SAMPLE,REJECT_NON_POSITIVE_ROI|REJECT_SMALL_SAMPLE,REJECT_NON_POSITIVE_ROI|REJECT_SMALL_SAMPLE,NONE,YES,NO,NO,NO,NO
1X2,home,open_to_close_probability_movement,-0.02-0.00,1587,0.418399,3.454713,-0.029729,11,-0.057278,"{""B1"": 326, ""N1"": 304, ""P1"": 370, ""SC0"": 244, ""T1"": 343}","{""2020/21"": 299, ""2021/22"": 292, ""2022/23"": 356, ""2023/24"": 323, ""2024/25"": 317}",NO,NONE,REJECT_NON_POSITIVE_ROI,REJECT_NON_POSITIVE_ROI,NONE,YES,NO,NO,NO,NO
1X2,home,open_to_close_probability_movement,-0.04--0.02,1124,0.395018,3.15903,-0.108158,13,-0.127286,"{""B1"": 239, ""N1"": 226, ""P1"": 256, ""SC0"": 169, ""T1"": 234}","{""2020/21"": 238, ""2021/22"": 205, ""2022/23"": 240, ""2023/24"": 224, ""2024/25"": 217}",NO,NONE,REJECT_NON_POSITIVE_ROI,REJECT_NON_POSITIVE_ROI,NONE,YES,NO,NO,NO,NO
1X2,home,open_to_close_probability_movement,-0.06--0.04,545,0.377982,2.840899,-0.191541,11,-0.196294,"{""B1"": 138, ""N1"": 87, ""P1"": 121, ""SC0"": 60, ""T1"": 139}","{""2020/21"": 140, ""2021/22"": 110, ""2022/23"": 90, ""2023/24"": 110, ""2024/25"": 95}",NO,NONE,REJECT_NON_POSITIVE_ROI,REJECT_NON_POSITIVE_ROI,NONE,YES,NO,NO,NO,NO
1X2,home,open_to_close_probability_movement,-0.08--0.06,222,0.445946,2.635495,0.041802,9,-0.086802,"{""B1"": 60, ""N1"": 33, ""P1"": 37, ""SC0"": 26, ""T1"": 66}","{""2020/21"": 67, ""2021/22"": 38, ""2022/23"": 32, ""2023/24"": 49, ""2024/25"": 36}",YES,SMALL_SAMPLE,REJECT_SMALL_SAMPLE,REJECT_SMALL_SAMPLE,NONE,YES,NO,NO,NO,NO
1X2,home,open_to_close_probability_movement,-0.10--0.08,74,0.324324,2.749189,-0.259189,10,-0.283514,"{""B1"": 27, ""N1"": 4, ""P1"": 20, ""SC0"": 7, ""T1"": 16}","{""2020/21"": 25, ""2021/22"": 16, ""2022/23"": 4, ""2023/24"": 7, ""2024/25"": 22}",NO,SMALL_SAMPLE,REJECT_NON_POSITIVE_ROI|REJECT_SMALL_SAMPLE,REJECT_NON_POSITIVE_ROI|REJECT_SMALL_SAMPLE,NONE,YES,NO,NO,NO,NO
1X2,home,open_to_close_probability_movement,0.00-0.02,1973,0.438419,2.945768,-0.089645,16,-0.094557,"{""B1"": 338, ""N1"": 454, ""P1"": 387, ""SC0"": 310, ""T1"": 484}","{""2020/21"": 422, ""2021/22"": 374, ""2022/23"": 407, ""2023/24"": 415, ""2024/25"": 355}",NO,NONE,REJECT_NON_POSITIVE_ROI,REJECT_NON_POSITIVE_ROI,NONE,YES,NO,NO,NO,NO
1X2,home,open_to_close_probability_movement,0.02-0.04,1068,0.504682,2.348876,-0.054307,9,-0.073455,"{""B1"": 218, ""N1"": 221, ""P1"": 198, ""SC0"": 173, ""T1"": 258}","{""2020/21"": 192, ""2021/22"": 248, ""2022/23"": 180, ""2023/24"": 220, ""2024/25"": 228}",NO,NONE,REJECT_NON_POSITIVE_ROI,REJECT_NON_POSITIVE_ROI,NONE,YES,NO,NO,NO,NO
1X2,home,open_to_close_probability_movement,0.04-0.06,562,0.491103,2.154199,-0.064075,10,-0.087705,"{""B1"": 108, ""N1"": 129, ""P1"": 88, ""SC0"": 100, ""T1"": 137}","{""2020/21"": 86, ""2021/22"": 135, ""2022/23"": 97, ""2023/24"": 107, ""2024/25"": 137}",NO,NONE,REJECT_NON_POSITIVE_ROI,REJECT_NON_POSITIVE_ROI,NONE,YES,NO,NO,NO,NO
1X2,home,open_to_close_probability_movement,0.06-0.08,242,0.549587,1.941074,-0.062273,6,-0.064463,"{""B1"": 46, ""N1"": 42, ""P1"": 36, ""SC0"": 34, ""T1"": 84}","{""2020/21"": 45, ""2021/22"": 56, ""2022/23"": 37, ""2023/24"": 53, ""2024/25"": 51}",NO,SMALL_SAMPLE,REJECT_NON_POSITIVE_ROI|REJECT_SMALL_SAMPLE,REJECT_NON_POSITIVE_ROI|REJECT_SMALL_SAMPLE,NONE,YES,NO,NO,NO,NO
1X2,home,open_to_close_probability_movement,0.08-0.10,70,0.442857,2.173286,-0.233429,7,-0.293571,"{""B1"": 11, ""N1"": 12, ""P1"": 7, ""SC0"": 7, ""T1"": 33}","{""2020/21"": 15, ""2021/22"": 20, ""2022/23"": 3, ""2023/24"": 15, ""2024/25"": 17}",NO,SMALL_SAMPLE,REJECT_NON_POSITIVE_ROI|REJECT_SMALL_SAMPLE,REJECT_NON_POSITIVE_ROI|REJECT_SMALL_SAMPLE,NONE,YES,NO,NO,NO,NO
1X2,home,open_to_close_probability_movement,<=-0.1,46,0.347826,2.578913,-0.203913,5,-0.296522,"{""B1"": 19, ""N1"": 5, ""P1"": 5, ""SC0"": 5, ""T1"": 12}","{""2020/21"": 23, ""2021/22"": 12, ""2022/23"": 4, ""2023/24"": 3, ""2024/25"": 4}",NO,SMALL_SAMPLE,REJECT_NON_POSITIVE_ROI|REJECT_SMALL_SAMPLE,REJECT_NON_POSITIVE_ROI|REJECT_SMALL_SAMPLE,NONE,YES,NO,NO,NO,NO
1X2,home,open_to_close_probability_movement,>=0.1,45,0.622222,1.734667,-0.028,3,-0.178667,"{""B1"": 9, ""N1"": 11, ""P1"": 3, ""SC0"": 3, ""T1"": 19}","{""2020/21"": 6, ""2021/22"": 18, ""2022/23"": 3, ""2023/24"": 5, ""2024/25"": 13}",NO,SMALL_SAMPLE,REJECT_NON_POSITIVE_ROI|REJECT_SMALL_SAMPLE,REJECT_NON_POSITIVE_ROI|REJECT_SMALL_SAMPLE,NONE,YES,NO,NO,NO,NO
1X2,home,open_to_close_probability_movement,MISSING,18,0.444444,2.095556,-0.211667,4,-0.336667,"{""B1"": 3, ""N1"": 1, ""P1"": 2, ""SC0"": 2, ""T1"": 10}","{""2020/21"": 8, ""2021/22"": 2, ""2022/23"": 5, ""2023/24"": 1, ""2024/25"": 2}",NO,SMALL_SAMPLE|CONCENTRATION_RISK,REJECT_CONCENTRATION|REJECT_NON_POSITIVE_ROI|REJECT_SMALL_SAMPLE,REJECT_CONCENTRATION|REJECT_NON_POSITIVE_ROI|REJECT_SMALL_SAMPLE,NONE,YES,NO,NO,NO,NO
1X2,draw,open_to_close_probability_movement,-0.02-0.00,3043,0.23628,4.206066,-0.077088,26,-0.081541,"{""B1"": 626, ""N1"": 613, ""P1"": 603, ""SC0"": 449, ""T1"": 752}","{""2020/21"": 648, ""2021/22"": 619, ""2022/23"": 603, ""2023/24"": 592, ""2024/25"": 581}",NO,NONE,REJECT_NON_POSITIVE_ROI,REJECT_NON_POSITIVE_ROI,NONE,YES,NO,NO,NO,NO
1X2,draw,open_to_close_probability_movement,-0.04--0.02,542,0.173432,5.341882,-0.190793,25,-0.206845,"{""B1"": 98, ""N1"": 114, ""P1"": 110, ""SC0"": 100, ""T1"": 120}","{""2020/21"": 103, ""2021/22"": 114, ""2022/23"": 92, ""2023/24"": 116, ""2024/25"": 117}",NO,NONE,REJECT_NON_POSITIVE_ROI,REJECT_NON_POSITIVE_ROI,NONE,YES,NO,NO,NO,NO
1X2,draw,open_to_close_probability_movement,-0.06--0.04,44,0.090909,5.541818,-0.522727,18,-0.522727,"{""B1"": 8, ""N1"": 8, ""P1"": 5, ""SC0"": 10, ""T1"": 13}","{""2020/21"": 20, ""2021/22"": 11, ""2022/23"": 3, ""2023/24"": 7, ""2024/25"": 3}",NO,SMALL_SAMPLE,REJECT_NON_POSITIVE_ROI|REJECT_SMALL_SAMPLE,REJECT_NON_POSITIVE_ROI|REJECT_SMALL_SAMPLE,NONE,YES,NO,NO,NO,NO
1X2,draw,open_to_close_probability_movement,-0.08--0.06,7,0,6.892857,-1,7,-1,"{""B1"": 1, ""N1"": 1, ""P1"": 1, ""SC0"": 1, ""T1"": 3}","{""2020/21"": 1, ""2021/22"": 3, ""2024/25"": 3}",NO,SMALL_SAMPLE,REJECT_NON_POSITIVE_ROI|REJECT_SMALL_SAMPLE,REJECT_NON_POSITIVE_ROI|REJECT_SMALL_SAMPLE,NONE,YES,NO,NO,NO,NO
1X2,draw,open_to_close_probability_movement,0.00-0.02,3433,0.266239,3.878567,-0.030801,24,-0.041873,"{""B1"": 718, ""N1"": 704, ""P1"": 688, ""SC0"": 489, ""T1"": 834}","{""2020/21"": 686, ""2021/22"": 668, ""2022/23"": 691, ""2023/24"": 718, ""2024/25"": 670}",NO,NONE,REJECT_NON_POSITIVE_ROI,REJECT_NON_POSITIVE_ROI,NONE,YES,NO,NO,NO,NO
1X2,draw,open_to_close_probability_movement,0.02-0.04,453,0.236203,4.011192,-0.151126,17,-0.176402,"{""B1"": 82, ""N1"": 83, ""P1"": 113, ""SC0"": 82, ""T1"": 93}","{""2020/21"": 87, ""2021/22"": 98, ""2022/23"": 60, ""2023/24"": 95, ""2024/25"": 113}",NO,SMALL_SAMPLE,REJECT_NON_POSITIVE_ROI|REJECT_SMALL_SAMPLE,REJECT_NON_POSITIVE_ROI|REJECT_SMALL_SAMPLE,NONE,YES,NO,NO,NO,NO
1X2,draw,open_to_close_probability_movement,0.04-0.06,33,0.242424,4.025151,-0.132424,8,-0.312727,"{""B1"": 6, ""N1"": 5, ""P1"": 7, ""SC0"": 6, ""T1"": 9}","{""2020/21"": 12, ""2021/22"": 11, ""2022/23"": 4, ""2023/24"": 2, ""2024/25"": 4}",NO,SMALL_SAMPLE,REJECT_NON_POSITIVE_ROI|REJECT_SMALL_SAMPLE,REJECT_NON_POSITIVE_ROI|REJECT_SMALL_SAMPLE,NONE,YES,NO,NO,NO,NO
1X2,draw,open_to_close_probability_movement,0.06-0.08,2,0,4.65,-1,2,-1,"{""P1"": 1, ""SC0"": 1}","{""2020/21"": 1, ""2024/25"": 1}",NO,SMALL_SAMPLE,REJECT_NON_POSITIVE_ROI|REJECT_SMALL_SAMPLE,REJECT_NON_POSITIVE_ROI|REJECT_SMALL_SAMPLE,NONE,YES,NO,NO,NO,NO
1X2,draw,open_to_close_probability_movement,<=-0.1,1,0,2.7,-1,1,-1,"{""T1"": 1}","{""2023/24"": 1}",NO,SMALL_SAMPLE|CONCENTRATION_RISK,REJECT_CONCENTRATION|REJECT_NON_POSITIVE_ROI|REJECT_SMALL_SAMPLE,REJECT_CONCENTRATION|REJECT_NON_POSITIVE_ROI|REJECT_SMALL_SAMPLE,NONE,YES,NO,NO,NO,NO
1X2,draw,open_to_close_probability_movement,MISSING,19,0.157895,3.763158,-0.434211,10,-0.526316,"{""B1"": 3, ""N1"": 2, ""P1"": 2, ""SC0"": 2, ""T1"": 10}","{""2020/21"": 8, ""2021/22"": 2, ""2022/23"": 6, ""2023/24"": 1, ""2024/25"": 2}",NO,SMALL_SAMPLE,REJECT_NON_POSITIVE_ROI|REJECT_SMALL_SAMPLE,REJECT_NON_POSITIVE_ROI|REJECT_SMALL_SAMPLE,NONE,YES,NO,NO,NO,NO
1X2,away,open_to_close_probability_movement,-0.02-0.00,1793,0.246514,5.598539,-0.212878,24,-0.218355,"{""B1"": 334, ""N1"": 390, ""P1"": 358, ""SC0"": 296, ""T1"": 415}","{""2020/21"": 335, ""2021/22"": 363, ""2022/23"": 349, ""2023/24"": 369, ""2024/25"": 377}",NO,NONE,REJECT_NON_POSITIVE_ROI,REJECT_NON_POSITIVE_ROI,NONE,YES,NO,NO,NO,NO
1X2,away,open_to_close_probability_movement,-0.04--0.02,1062,0.293785,4.39645,-0.101996,14,-0.118446,"{""B1"": 214, ""N1"": 231, ""P1"": 187, ""SC0"": 176, ""T1"": 254}","{""2020/21"": 178, ""2021/22"": 246, ""2022/23"": 186, ""2023/24"": 229, ""2024/25"": 223}",NO,NONE,REJECT_NON_POSITIVE_ROI,REJECT_NON_POSITIVE_ROI,NONE,YES,NO,NO,NO,NO
1X2,away,open_to_close_probability_movement,-0.06--0.04,429,0.324009,3.609161,-0.045641,11,-0.100536,"{""B1"": 77, ""N1"": 80, ""P1"": 70, ""SC0"": 73, ""T1"": 129}","{""2020/21"": 76, ""2021/22"": 108, ""2022/23"": 65, ""2023/24"": 86, ""2024/25"": 94}",NO,SMALL_SAMPLE,REJECT_NON_POSITIVE_ROI|REJECT_SMALL_SAMPLE,REJECT_NON_POSITIVE_ROI|REJECT_SMALL_SAMPLE,NONE,YES,NO,NO,NO,NO
1X2,away,open_to_close_probability_movement,-0.08--0.06,166,0.343373,3.326747,-0.131747,7,-0.153554,"{""B1"": 40, ""N1"": 33, ""P1"": 19, ""SC0"": 19, ""T1"": 55}","{""2020/21"": 24, ""2021/22"": 52, ""2022/23"": 22, ""2023/24"": 30, ""2024/25"": 38}",NO,SMALL_SAMPLE,REJECT_NON_POSITIVE_ROI|REJECT_SMALL_SAMPLE,REJECT_NON_POSITIVE_ROI|REJECT_SMALL_SAMPLE,NONE,YES,NO,NO,NO,NO
1X2,away,open_to_close_probability_movement,-0.10--0.08,64,0.34375,3.151875,-0.14,6,-0.285313,"{""B1"": 5, ""N1"": 16, ""P1"": 8, ""SC0"": 10, ""T1"": 25}","{""2020/21"": 14, ""2021/22"": 15, ""2022/23"": 7, ""2023/24"": 10, ""2024/25"": 18}",NO,SMALL_SAMPLE,REJECT_NON_POSITIVE_ROI|REJECT_SMALL_SAMPLE,REJECT_NON_POSITIVE_ROI|REJECT_SMALL_SAMPLE,NONE,YES,NO,NO,NO,NO
1X2,away,open_to_close_probability_movement,0.00-0.02,2134,0.297563,4.745965,-0.163027,15,-0.181232,"{""B1"": 409, ""N1"": 444, ""P1"": 469, ""SC0"": 319, ""T1"": 493}","{""2020/21"": 424, ""2021/22"": 389, ""2022/23"": 481, ""2023/24"": 445, ""2024/25"": 395}",NO,NONE,REJECT_NON_POSITIVE_ROI,REJECT_NON_POSITIVE_ROI,NONE,YES,NO,NO,NO,NO
1X2,away,open_to_close_probability_movement,0.02-0.04,1110,0.363063,3.309694,-0.120784,13,-0.129369,"{""B1"": 232, ""N1"": 213, ""P1"": 252, ""SC0"": 158, ""T1"": 255}","{""2020/21"": 267, ""2021/22"": 193, ""2022/23"": 221, ""2023/24"": 218, ""2024/25"": 211}",NO,NONE,REJECT_NON_POSITIVE_ROI,REJECT_NON_POSITIVE_ROI,NONE,YES,NO,NO,NO,NO
1X2,away,open_to_close_probability_movement,0.04-0.06,452,0.433628,2.696283,-0.031792,13,-0.079137,"{""B1"": 121, ""N1"": 69, ""P1"": 99, ""SC0"": 51, ""T1"": 112}","{""2020/21"": 118, ""2021/22"": 78, ""2022/23"": 85, ""2023/24"": 91, ""2024/25"": 80}",NO,SMALL_SAMPLE,REJECT_NON_POSITIVE_ROI|REJECT_SMALL_SAMPLE,REJECT_NON_POSITIVE_ROI|REJECT_SMALL_SAMPLE,NONE,YES,NO,NO,NO,NO
1X2,away,open_to_close_probability_movement,0.06-0.08,204,0.514706,2.313873,0.048578,11,-0.084853,"{""B1"": 56, ""N1"": 36, ""P1"": 42, ""SC0"": 17, ""T1"": 53}","{""2020/21"": 69, ""2021/22"": 42, ""2022/23"": 29, ""2023/24"": 36, ""2024/25"": 28}",YES,SMALL_SAMPLE,REJECT_SMALL_SAMPLE,REJECT_SMALL_SAMPLE,NONE,YES,NO,NO,NO,NO
1X2,away,open_to_close_probability_movement,0.08-0.10,79,0.531646,2.204937,0.062658,4,-0.105823,"{""B1"": 32, ""N1"": 7, ""P1"": 16, ""SC0"": 8, ""T1"": 16}","{""2020/21"": 37, ""2021/22"": 18, ""2022/23"": 2, ""2023/24"": 10, ""2024/25"": 12}",YES,SMALL_SAMPLE,REJECT_SMALL_SAMPLE,REJECT_SMALL_SAMPLE,NONE,YES,NO,NO,NO,NO
1X2,away,open_to_close_probability_movement,<=-0.1,34,0.5,2.872059,0.200294,4,-0.148529,"{""B1"": 7, ""N1"": 7, ""P1"": 5, ""SC0"": 5, ""T1"": 10}","{""2020/21"": 3, ""2021/22"": 11, ""2022/23"": 2, ""2023/24"": 6, ""2024/25"": 12}",YES,SMALL_SAMPLE,REJECT_SMALL_SAMPLE,REJECT_SMALL_SAMPLE,NONE,YES,NO,NO,NO,NO
1X2,away,open_to_close_probability_movement,>=0.1,31,0.548387,2.026774,0.016452,3,-0.201613,"{""B1"": 12, ""N1"": 2, ""P1"": 3, ""SC0"": 6, ""T1"": 8}","{""2020/21"": 13, ""2021/22"": 9, ""2022/23"": 4, ""2023/24"": 1, ""2024/25"": 4}",YES,SMALL_SAMPLE|HIGH_DRAWDOWN_RISK,REJECT_HIGH_DRAWDOWN|REJECT_SMALL_SAMPLE,REJECT_HIGH_DRAWDOWN|REJECT_SMALL_SAMPLE,NONE,YES,NO,NO,NO,NO
1X2,away,open_to_close_probability_movement,MISSING,19,0.421053,3.995789,0.281579,5,-0.263158,"{""B1"": 3, ""N1"": 2, ""P1"": 2, ""SC0"": 2, ""T1"": 10}","{""2020/21"": 8, ""2021/22"": 2, ""2022/23"": 6, ""2023/24"": 1, ""2024/25"": 2}",YES,SMALL_SAMPLE|HIGH_DRAWDOWN_RISK,REJECT_HIGH_DRAWDOWN|REJECT_SMALL_SAMPLE,REJECT_HIGH_DRAWDOWN|REJECT_SMALL_SAMPLE,NONE,YES,NO,NO,NO,NO
1X2,home,open_to_close_odds_movement,-0.25-0.00,2405,0.538877,1.98973,-0.055256,9,-0.064919,"{""B1"": 470, ""N1"": 517, ""P1"": 420, ""SC0"": 399, ""T1"": 599}","{""2020/21"": 437, ""2021/22"": 504, ""2022/23"": 445, ""2023/24"": 520, ""2024/25"": 499}",NO,NONE,REJECT_NON_POSITIVE_ROI,REJECT_NON_POSITIVE_ROI,NONE,YES,NO,NO,NO,NO
1X2,home,open_to_close_odds_movement,-0.50--0.25,471,0.36518,3.179427,-0.051826,15,-0.089427,"{""B1"": 90, ""N1"": 94, ""P1"": 88, ""SC0"": 54, ""T1"": 145}","{""2020/21"": 84, ""2021/22"": 125, ""2022/23"": 73, ""2023/24"": 81, ""2024/25"": 108}",NO,SMALL_SAMPLE,REJECT_NON_POSITIVE_ROI|REJECT_SMALL_SAMPLE,REJECT_NON_POSITIVE_ROI|REJECT_SMALL_SAMPLE,NONE,YES,NO,NO,NO,NO
1X2,home,open_to_close_odds_movement,-0.75--0.50,103,0.271845,3.303204,-0.175534,10,-0.284272,"{""B1"": 19, ""N1"": 23, ""P1"": 10, ""SC0"": 14, ""T1"": 37}","{""2020/21"": 22, ""2021/22"": 27, ""2022/23"": 11, ""2023/24"": 20, ""2024/25"": 23}",NO,SMALL_SAMPLE,REJECT_NON_POSITIVE_ROI|REJECT_SMALL_SAMPLE,REJECT_NON_POSITIVE_ROI|REJECT_SMALL_SAMPLE,NONE,YES,NO,NO,NO,NO
1X2,home,open_to_close_odds_movement,-1.00--0.75,37,0.216216,3.132162,-0.360811,8,-0.432432,"{""B1"": 9, ""N1"": 13, ""P1"": 2, ""SC0"": 5, ""T1"": 8}","{""2020/21"": 3, ""2021/22"": 10, ""2022/23"": 8, ""2023/24"": 5, ""2024/25"": 11}",NO,SMALL_SAMPLE,REJECT_NON_POSITIVE_ROI|REJECT_SMALL_SAMPLE,REJECT_NON_POSITIVE_ROI|REJECT_SMALL_SAMPLE,NONE,YES,NO,NO,NO,NO
1X2,home,open_to_close_odds_movement,0.00-0.25,3107,0.483103,2.421149,-0.060084,9,-0.066807,"{""B1"": 629, ""N1"": 613, ""P1"": 673, ""SC0"": 441, ""T1"": 751}","{""2020/21"": 652, ""2021/22"": 595, ""2022/23"": 666, ""2023/24"": 608, ""2024/25"": 586}",NO,NONE,REJECT_NON_POSITIVE_ROI,REJECT_NON_POSITIVE_ROI,NONE,YES,NO,NO,NO,NO
1X2,home,open_to_close_odds_movement,0.25-0.50,599,0.33389,3.053356,-0.069048,16,-0.085058,"{""B1"": 141, ""N1"": 83, ""P1"": 126, ""SC0"": 76, ""T1"": 173}","{""2020/21"": 152, ""2021/22"": 92, ""2022/23"": 102, ""2023/24"": 139, ""2024/25"": 114}",NO,NONE,REJECT_NON_POSITIVE_ROI,REJECT_NON_POSITIVE_ROI,NONE,YES,NO,NO,NO,NO
1X2,home,open_to_close_odds_movement,0.50-0.75,284,0.214789,4.702218,-0.118662,16,-0.189824,"{""B1"": 91, ""N1"": 51, ""P1"": 61, ""SC0"": 37, ""T1"": 44}","{""2020/21"": 77, ""2021/22"": 54, ""2022/23"": 51, ""2023/24"": 53, ""2024/25"": 49}",NO,SMALL_SAMPLE,REJECT_NON_POSITIVE_ROI|REJECT_SMALL_SAMPLE,REJECT_NON_POSITIVE_ROI|REJECT_SMALL_SAMPLE,NONE,YES,NO,NO,NO,NO
1X2,home,open_to_close_odds_movement,0.75-1.00,79,0.177215,4.700886,-0.275316,8,-0.33038,"{""B1"": 18, ""N1"": 11, ""P1"": 17, ""SC0"": 13, ""T1"": 20}","{""2020/21"": 25, ""2021/22"": 13, ""2022/23"": 14, ""2023/24"": 10, ""2024/25"": 17}",NO,SMALL_SAMPLE,REJECT_NON_POSITIVE_ROI|REJECT_SMALL_SAMPLE,REJECT_NON_POSITIVE_ROI|REJECT_SMALL_SAMPLE,NONE,YES,NO,NO,NO,NO
1X2,home,open_to_close_odds_movement,<=-1.00,173,0.109827,7.113064,-0.192197,34,-0.25289,"{""B1"": 16, ""N1"": 51, ""P1"": 40, ""SC0"": 42, ""T1"": 24}","{""2020/21"": 26, ""2021/22"": 41, ""2022/23"": 27, ""2023/24"": 37, ""2024/25"": 42}",NO,SMALL_SAMPLE,REJECT_NON_POSITIVE_ROI|REJECT_SMALL_SAMPLE,REJECT_NON_POSITIVE_ROI|REJECT_SMALL_SAMPLE,NONE,YES,NO,NO,NO,NO
1X2,home,open_to_close_odds_movement,>=1.00,300,0.086667,8.974167,-0.301667,47,-0.346667,"{""B1"": 56, ""N1"": 72, ""P1"": 91, ""SC0"": 57, ""T1"": 24}","{""2020/21"": 80, ""2021/22"": 63, ""2022/23"": 56, ""2023/24"": 58, ""2024/25"": 43}",NO,SMALL_SAMPLE,REJECT_NON_POSITIVE_ROI|REJECT_SMALL_SAMPLE,REJECT_NON_POSITIVE_ROI|REJECT_SMALL_SAMPLE,NONE,YES,NO,NO,NO,NO
1X2,home,open_to_close_odds_movement,MISSING,18,0.444444,2.095556,-0.211667,4,-0.336667,"{""B1"": 3, ""N1"": 1, ""P1"": 2, ""SC0"": 2, ""T1"": 10}","{""2020/21"": 8, ""2021/22"": 2, ""2022/23"": 5, ""2023/24"": 1, ""2024/25"": 2}",NO,SMALL_SAMPLE|CONCENTRATION_RISK,REJECT_CONCENTRATION|REJECT_NON_POSITIVE_ROI|REJECT_SMALL_SAMPLE,REJECT_CONCENTRATION|REJECT_NON_POSITIVE_ROI|REJECT_SMALL_SAMPLE,NONE,YES,NO,NO,NO,NO
1X2,draw,open_to_close_odds_movement,-0.25-0.00,1825,0.287671,3.521879,-0.011753,18,-0.043458,"{""B1"": 396, ""N1"": 319, ""P1"": 375, ""SC0"": 283, ""T1"": 452}","{""2020/21"": 261, ""2021/22"": 343, ""2022/23"": 414, ""2023/24"": 400, ""2024/25"": 407}",NO,NONE,REJECT_NON_POSITIVE_ROI,REJECT_NON_POSITIVE_ROI,NONE,YES,NO,NO,NO,NO
1X2,draw,open_to_close_odds_movement,-0.50--0.25,428,0.224299,4.286869,-0.134416,14,-0.179813,"{""B1"": 81, ""N1"": 90, ""P1"": 97, ""SC0"": 72, ""T1"": 88}","{""2020/21"": 75, ""2021/22"": 97, ""2022/23"": 56, ""2023/24"": 89, ""2024/25"": 111}",NO,SMALL_SAMPLE,REJECT_NON_POSITIVE_ROI|REJECT_SMALL_SAMPLE,REJECT_NON_POSITIVE_ROI|REJECT_SMALL_SAMPLE,NONE,YES,NO,NO,NO,NO
1X2,draw,open_to_close_odds_movement,-0.75--0.50,82,0.219512,4.491951,-0.022561,11,-0.134146,"{""B1"": 14, ""N1"": 16, ""P1"": 25, ""SC0"": 11, ""T1"": 16}","{""2020/21"": 19, ""2021/22"": 21, ""2022/23"": 12, ""2023/24"": 17, ""2024/25"": 13}",NO,SMALL_SAMPLE,REJECT_NON_POSITIVE_ROI|REJECT_SMALL_SAMPLE,REJECT_NON_POSITIVE_ROI|REJECT_SMALL_SAMPLE,NONE,YES,NO,NO,NO,NO
1X2,draw,open_to_close_odds_movement,-1.00--0.75,10,0.5,3.966,0.92,3,-0.3,"{""B1"": 4, ""N1"": 2, ""P1"": 2, ""T1"": 2}","{""2020/21"": 2, ""2021/22"": 2, ""2022/23"": 1, ""2023/24"": 2, ""2024/25"": 3}",YES,SMALL_SAMPLE|HIGH_DRAWDOWN_RISK,REJECT_HIGH_DRAWDOWN|REJECT_SMALL_SAMPLE,REJECT_HIGH_DRAWDOWN|REJECT_SMALL_SAMPLE,NONE,YES,NO,NO,NO,NO
1X2,draw,open_to_close_odds_movement,0.00-0.25,3783,0.257732,3.814483,-0.055847,23,-0.05912,"{""B1"": 791, ""N1"": 736, ""P1"": 749, ""SC0"": 523, ""T1"": 984}","{""2020/21"": 922, ""2021/22"": 771, ""2022/23"": 701, ""2023/24"": 714, ""2024/25"": 675}",NO,NONE,REJECT_NON_POSITIVE_ROI,REJECT_NON_POSITIVE_ROI,NONE,YES,NO,NO,NO,NO
1X2,draw,open_to_close_odds_movement,0.25-0.50,603,0.232172,4.393433,0.005257,32,-0.069635,"{""B1"": 149, ""N1"": 135, ""P1"": 99, ""SC0"": 76, ""T1"": 144}","{""2020/21"": 136, ""2021/22"": 129, ""2022/23"": 106, ""2023/24"": 119, ""2024/25"": 113}",YES,NONE,WATCHLIST_RESEARCH_ONLY,NONE,WATCH_LOW_SAMPLE_MARGIN,YES,NO,NO,NO,NO
1X2,draw,open_to_close_odds_movement,0.50-0.75,353,0.135977,5.598924,-0.25966,28,-0.291756,"{""B1"": 52, ""N1"": 101, ""P1"": 67, ""SC0"": 52, ""T1"": 81}","{""2020/21"": 54, ""2021/22"": 74, ""2022/23"": 76, ""2023/24"": 86, ""2024/25"": 63}",NO,SMALL_SAMPLE,REJECT_NON_POSITIVE_ROI|REJECT_SMALL_SAMPLE,REJECT_NON_POSITIVE_ROI|REJECT_SMALL_SAMPLE,NONE,YES,NO,NO,NO,NO
1X2,draw,open_to_close_odds_movement,0.75-1.00,85,0.047059,5.490588,-0.761765,38,-0.761765,"{""B1"": 17, ""N1"": 18, ""P1"": 19, ""SC0"": 12, ""T1"": 19}","{""2020/21"": 18, ""2021/22"": 16, ""2022/23"": 14, ""2023/24"": 20, ""2024/25"": 17}",NO,SMALL_SAMPLE,REJECT_NON_POSITIVE_ROI|REJECT_SMALL_SAMPLE,REJECT_NON_POSITIVE_ROI|REJECT_SMALL_SAMPLE,NONE,YES,NO,NO,NO,NO
1X2,draw,open_to_close_odds_movement,<=-1.00,129,0.077519,6.761318,-0.458682,33,-0.458682,"{""B1"": 9, ""N1"": 44, ""P1"": 37, ""SC0"": 31, ""T1"": 8}","{""2020/21"": 28, ""2021/22"": 22, ""2022/23"": 23, ""2023/24"": 19, ""2024/25"": 37}",NO,SMALL_SAMPLE,REJECT_NON_POSITIVE_ROI|REJECT_SMALL_SAMPLE,REJECT_NON_POSITIVE_ROI|REJECT_SMALL_SAMPLE,NONE,YES,NO,NO,NO,NO
1X2,draw,open_to_close_odds_movement,>=1.00,261,0.099617,8.437739,-0.197318,25,-0.299808,"{""B1"": 26, ""N1"": 68, ""P1"": 58, ""SC0"": 78, ""T1"": 31}","{""2020/21"": 43, ""2021/22"": 49, ""2022/23"": 51, ""2023/24"": 65, ""2024/25"": 53}",NO,SMALL_SAMPLE,REJECT_NON_POSITIVE_ROI|REJECT_SMALL_SAMPLE,REJECT_NON_POSITIVE_ROI|REJECT_SMALL_SAMPLE,NONE,YES,NO,NO,NO,NO
1X2,draw,open_to_close_odds_movement,MISSING,18,0.111111,3.763889,-0.611111,10,-0.644444,"{""B1"": 3, ""N1"": 1, ""P1"": 2, ""SC0"": 2, ""T1"": 10}","{""2020/21"": 8, ""2021/22"": 2, ""2022/23"": 5, ""2023/24"": 1, ""2024/25"": 2}",NO,SMALL_SAMPLE|CONCENTRATION_RISK,REJECT_CONCENTRATION|REJECT_NON_POSITIVE_ROI|REJECT_SMALL_SAMPLE,REJECT_CONCENTRATION|REJECT_NON_POSITIVE_ROI|REJECT_SMALL_SAMPLE,NONE,YES,NO,NO,NO,NO
1X2,away,open_to_close_odds_movement,-0.25-0.00,1806,0.444075,2.453184,-0.093228,11,-0.103117,"{""B1"": 413, ""N1"": 322, ""P1"": 388, ""SC0"": 299, ""T1"": 384}","{""2020/21"": 383, ""2021/22"": 332, ""2022/23"": 387, ""2023/24"": 364, ""2024/25"": 340}",NO,NONE,REJECT_NON_POSITIVE_ROI,REJECT_NON_POSITIVE_ROI,NONE,YES,NO,NO,NO,NO
1X2,away,open_to_close_odds_movement,-0.50--0.25,679,0.28866,3.598395,-0.158159,17,-0.197732,"{""B1"": 161, ""N1"": 107, ""P1"": 160, ""SC0"": 69, ""T1"": 182}","{""2020/21"": 174, ""2021/22"": 107, ""2022/23"": 129, ""2023/24"": 139, ""2024/25"": 130}",NO,NONE,REJECT_NON_POSITIVE_ROI,REJECT_NON_POSITIVE_ROI,NONE,YES,NO,NO,NO,NO
1X2,away,open_to_close_odds_movement,-0.75--0.50,239,0.297071,3.670126,-0.022301,20,-0.128536,"{""B1"": 61, ""N1"": 43, ""P1"": 40, ""SC0"": 24, ""T1"": 71}","{""2020/21"": 61, ""2021/22"": 45, ""2022/23"": 38, ""2023/24"": 42, ""2024/25"": 53}",NO,SMALL_SAMPLE,REJECT_NON_POSITIVE_ROI|REJECT_SMALL_SAMPLE,REJECT_NON_POSITIVE_ROI|REJECT_SMALL_SAMPLE,NONE,YES,NO,NO,NO,NO
1X2,away,open_to_close_odds_movement,-1.00--0.75,62,0.290323,3.270323,-0.104355,11,-0.177419,"{""B1"": 21, ""N1"": 8, ""P1"": 10, ""SC0"": 4, ""T1"": 19}","{""2020/21"": 18, ""2021/22"": 12, ""2022/23"": 13, ""2023/24"": 10, ""2024/25"": 9}",NO,SMALL_SAMPLE,REJECT_NON_POSITIVE_ROI|REJECT_SMALL_SAMPLE,REJECT_NON_POSITIVE_ROI|REJECT_SMALL_SAMPLE,NONE,YES,NO,NO,NO,NO
1X2,away,open_to_close_odds_movement,0.00-0.25,2425,0.364124,3.708181,-0.112944,14,-0.124404,"{""B1"": 434, ""N1"": 551, ""P1"": 489, ""SC0"": 357, ""T1"": 594}","{""2020/21"": 477, ""2021/22"": 475, ""2022/23"": 495, ""2023/24"": 517, ""2024/25"": 461}",NO,NONE,REJECT_NON_POSITIVE_ROI,REJECT_NON_POSITIVE_ROI,NONE,YES,NO,NO,NO,NO
1X2,away,open_to_close_odds_movement,0.25-0.50,732,0.248634,3.58877,-0.189631,17,-0.207937,"{""B1"": 155, ""N1"": 130, ""P1"": 131, ""SC0"": 113, ""T1"": 203}","{""2020/21"": 137, ""2021/22"": 171, ""2022/23"": 126, ""2023/24"": 142, ""2024/25"": 156}",NO,NONE,REJECT_NON_POSITIVE_ROI,REJECT_NON_POSITIVE_ROI,NONE,YES,NO,NO,NO,NO
1X2,away,open_to_close_odds_movement,0.50-0.75,442,0.217195,4.991448,-0.036176,19,-0.129344,"{""B1"": 89, ""N1"": 75, ""P1"": 77, ""SC0"": 76, ""T1"": 125}","{""2020/21"": 78, ""2021/22"": 116, ""2022/23"": 72, ""2023/24"": 74, ""2024/25"": 102}",NO,SMALL_SAMPLE,REJECT_NON_POSITIVE_ROI|REJECT_SMALL_SAMPLE,REJECT_NON_POSITIVE_ROI|REJECT_SMALL_SAMPLE,NONE,YES,NO,NO,NO,NO
1X2,away,open_to_close_odds_movement,0.75-1.00,152,0.210526,4.924868,0.026974,18,-0.118421,"{""B1"": 37, ""N1"": 24, ""P1"": 21, ""SC0"": 21, ""T1"": 49}","{""2020/21"": 25, ""2021/22"": 44, ""2022/23"": 21, ""2023/24"": 24, ""2024/25"": 38}",YES,SMALL_SAMPLE,REJECT_SMALL_SAMPLE,REJECT_SMALL_SAMPLE,NONE,YES,NO,NO,NO,NO
1X2,away,open_to_close_odds_movement,<=-1.00,445,0.119101,8.96836,-0.292876,31,-0.347191,"{""B1"": 74, ""N1"": 113, ""P1"": 119, ""SC0"": 65, ""T1"": 74}","{""2020/21"": 105, ""2021/22"": 91, ""2022/23"": 81, ""2023/24"": 92, ""2024/25"": 76}",NO,SMALL_SAMPLE,REJECT_NON_POSITIVE_ROI|REJECT_SMALL_SAMPLE,REJECT_NON_POSITIVE_ROI|REJECT_SMALL_SAMPLE,NONE,YES,NO,NO,NO,NO
1X2,away,open_to_close_odds_movement,>=1.00,577,0.093588,10.95279,-0.3,35,-0.344194,"{""B1"": 94, ""N1"": 156, ""P1"": 93, ""SC0"": 110, ""T1"": 124}","{""2020/21"": 100, ""2021/22"": 131, ""2022/23"": 92, ""2023/24"": 127, ""2024/25"": 127}",NO,NONE,REJECT_NON_POSITIVE_ROI,REJECT_NON_POSITIVE_ROI,NONE,YES,NO,NO,NO,NO
1X2,away,open_to_close_odds_movement,MISSING,18,0.444444,4.111667,0.352778,4,-0.222222,"{""B1"": 3, ""N1"": 1, ""P1"": 2, ""SC0"": 2, ""T1"": 10}","{""2020/21"": 8, ""2021/22"": 2, ""2022/23"": 5, ""2023/24"": 1, ""2024/25"": 2}",YES,SMALL_SAMPLE|HIGH_DRAWDOWN_RISK|CONCENTRATION_RISK,REJECT_CONCENTRATION|REJECT_HIGH_DRAWDOWN|REJECT_SMALL_SAMPLE,REJECT_CONCENTRATION|REJECT_HIGH_DRAWDOWN|REJECT_SMALL_SAMPLE,NONE,YES,NO,NO,NO,NO
AH,home_handicap,open_to_close_line_movement,-0.25,1372,0.456268,1.964162,-0.024282,11,-0.02699,"{""B1"": 263, ""N1"": 313, ""P1"": 229, ""SC0"": 218, ""T1"": 349}","{""2020/21"": 228, ""2021/22"": 324, ""2022/23"": 223, ""2023/24"": 284, ""2024/25"": 313}",NO,NONE,REJECT_NON_POSITIVE_ROI,REJECT_NON_POSITIVE_ROI,NONE,YES,NO,NO,NO,NO
AH,home_handicap,open_to_close_line_movement,-0.50,148,0.439189,1.959054,-0.057838,5,-0.136284,"{""B1"": 32, ""N1"": 35, ""P1"": 18, ""SC0"": 22, ""T1"": 41}","{""2020/21"": 29, ""2021/22"": 37, ""2022/23"": 21, ""2023/24"": 21, ""2024/25"": 40}",NO,SMALL_SAMPLE,REJECT_NON_POSITIVE_ROI|REJECT_SMALL_SAMPLE,REJECT_NON_POSITIVE_ROI|REJECT_SMALL_SAMPLE,NONE,YES,NO,NO,NO,NO
AH,home_handicap,open_to_close_line_movement,-0.75,7,0.571429,1.927143,0.108571,1,-0.15,"{""N1"": 2, ""SC0"": 1, ""T1"": 4}","{""2021/22"": 3, ""2022/23"": 1, ""2023/24"": 1, ""2024/25"": 2}",YES,SMALL_SAMPLE|HIGH_DRAWDOWN_RISK|CONCENTRATION_RISK,REJECT_CONCENTRATION|REJECT_HIGH_DRAWDOWN|REJECT_SMALL_SAMPLE,REJECT_CONCENTRATION|REJECT_HIGH_DRAWDOWN|REJECT_SMALL_SAMPLE,NONE,YES,NO,NO,NO,NO
AH,home_handicap,open_to_close_line_movement,0.00,4315,0.463499,1.929921,-0.025489,10,-0.035187,"{""B1"": 830, ""N1"": 850, ""P1"": 912, ""SC0"": 669, ""T1"": 1054}","{""2020/21"": 871, ""2021/22"": 846, ""2022/23"": 892, ""2023/24"": 904, ""2024/25"": 802}",NO,NONE,REJECT_NON_POSITIVE_ROI,REJECT_NON_POSITIVE_ROI,NONE,YES,NO,NO,NO,NO
AH,home_handicap,open_to_close_line_movement,0.25,1581,0.449083,1.892574,-0.067274,8,-0.068786,"{""B1"": 373, ""N1"": 298, ""P1"": 347, ""SC0"": 209, ""T1"": 354}","{""2020/21"": 381, ""2021/22"": 271, ""2022/23"": 313, ""2023/24"": 304, ""2024/25"": 312}",NO,NONE,REJECT_NON_POSITIVE_ROI,REJECT_NON_POSITIVE_ROI,NONE,YES,NO,NO,NO,NO
AH,home_handicap,open_to_close_line_movement,0.50,133,0.443609,1.877218,-0.108008,9,-0.199624,"{""B1"": 42, ""N1"": 27, ""P1"": 19, ""SC0"": 17, ""T1"": 28}","{""2020/21"": 49, ""2021/22"": 37, ""2022/23"": 8, ""2023/24"": 17, ""2024/25"": 22}",NO,SMALL_SAMPLE,REJECT_NON_POSITIVE_ROI|REJECT_SMALL_SAMPLE,REJECT_NON_POSITIVE_ROI|REJECT_SMALL_SAMPLE,NONE,YES,NO,NO,NO,NO
AH,home_handicap,open_to_close_line_movement,0.75,9,0.555556,1.817778,0.074444,3,-0.333333,"{""B1"": 2, ""N1"": 1, ""P1"": 3, ""SC0"": 2, ""T1"": 1}","{""2020/21"": 5, ""2021/22"": 2, ""2022/23"": 1, ""2023/24"": 1}",YES,SMALL_SAMPLE|HIGH_DRAWDOWN_RISK|CONCENTRATION_RISK,REJECT_CONCENTRATION|REJECT_HIGH_DRAWDOWN|REJECT_SMALL_SAMPLE,REJECT_CONCENTRATION|REJECT_HIGH_DRAWDOWN|REJECT_SMALL_SAMPLE,NONE,YES,NO,NO,NO,NO
AH,home_handicap,open_to_close_line_movement,<=-1.00,5,0.8,3.184,1.798,1,-0.2,"{""N1"": 2, ""P1"": 1, ""T1"": 2}","{""2020/21"": 1, ""2021/22"": 3, ""2024/25"": 1}",YES,SMALL_SAMPLE|HIGH_DRAWDOWN_RISK|CONCENTRATION_RISK,REJECT_CONCENTRATION|REJECT_HIGH_DRAWDOWN|REJECT_SMALL_SAMPLE,REJECT_CONCENTRATION|REJECT_HIGH_DRAWDOWN|REJECT_SMALL_SAMPLE,NONE,YES,NO,NO,NO,NO
AH,home_handicap,open_to_close_line_movement,>=1.00,3,0.666667,1.826667,0.09,1,-0.333333,"{""N1"": 2, ""P1"": 1}","{""2020/21"": 1, ""2021/22"": 1, ""2024/25"": 1}",YES,SMALL_SAMPLE|HIGH_DRAWDOWN_RISK|CONCENTRATION_RISK,REJECT_CONCENTRATION|REJECT_HIGH_DRAWDOWN|REJECT_SMALL_SAMPLE,REJECT_CONCENTRATION|REJECT_HIGH_DRAWDOWN|REJECT_SMALL_SAMPLE,NONE,YES,NO,NO,NO,NO
AH,home_handicap,open_to_close_line_movement,MISSING,0,0,0,0,0,0,{},{},NO,SMALL_SAMPLE,REJECT_NON_POSITIVE_ROI|REJECT_SMALL_SAMPLE,REJECT_NON_POSITIVE_ROI|REJECT_SMALL_SAMPLE,NONE,YES,NO,NO,NO,NO
