match_id,league,season,date,home_team,away_team,full_time_score,goal_diff,opening_1x2,closing_1x2,closing_ah_line,closing_ah_home_odds,ah_settlement,roi
m1r2_0ed0477de74d2850,B1,2020/21,2020-08-08,Club Brugge,Charleroi,0-1,-1,1.5/3.8/6,1.57/3.75/5.25,-0.75,1.77,LOSS,-1
m1r2_db4450837ef8cb59,B1,2020/21,2020-08-15,Gent,Kortrijk,1-2,-1,1.36/4.75/8,1.57/4.33/5,-0.75,1.88,LOSS,-1
m1r2_8444f0ce42dc02fc,B1,2020/21,2020-08-16,Anderlecht,St Truiden,3-1,2,1.4/4.5/7.5,1.66/4/4.75,-0.75,1.85,FULL_WIN,0.85
m1r2_2ceb248c4ae1f97c,B1,2020/21,2020-08-22,Waregem,Waasland-Beveren,4-1,3,1.66/4/4.75,1.8/4.2/3.8,-0.75,2,FULL_WIN,1
m1r2_44f9d0115e5ebf62,B1,2020/21,2020-08-29,Eupen,St Truiden,1-1,0,2/3.5/3.6,1.7/3.6/4.75,-0.75,2.02,LOSS,-1
m1r2_1290d822f4dae20f,B1,2020/21,2020-08-30,Gent,Mechelen,1-0,1,1.66/4/4.33,1.75/3.8/4.33,-0.75,2.02,HALF_WIN,0.51
m1r2_1468c78b62ff03a5,B1,2020/21,2020-09-12,Mechelen,Oostende,0-1,-1,1.8/3.75/4.2,1.75/3.8/4.5,-0.75,2,LOSS,-1
m1r2_5a9298ebfc2877eb,B1,2020/21,2020-09-20,Standard,Kortrijk,2-1,1,1.53/4.33/5.5,1.8/3.8/4.2,-0.75,2.05,HALF_WIN,0.525
m1r2_e93729fbeb02088f,B1,2020/21,2020-09-26,Mechelen,St Truiden,2-0,2,1.75/4/4.2,1.66/4/4.5,-0.75,1.9,FULL_WIN,0.9
m1r2_2633ba57774b153c,B1,2020/21,2020-09-28,Genk,Oostende,2-2,0,1.5/4.33/6,1.8/4/3.8,-0.75,2.05,LOSS,-1
m1r2_1f802b7f50681b73,B1,2020/21,2020-10-04,Oostende,Mouscron,3-0,3,1.72/3.8/4.2,1.6/3.8/4.75,-0.75,1.85,FULL_WIN,0.85
m1r2_5bf2016ae8098bf3,B1,2020/21,2020-10-17,Beerschot VA,St Truiden,6-3,3,1.66/4/4.33,1.75/4/4,-0.75,2.05,FULL_WIN,1.05
m1r2_7ddb293234d292ff,B1,2020/21,2020-10-17,Mechelen,Kortrijk,1-2,-1,2/3.75/3.5,1.8/4/4.2,-0.75,2.02,LOSS,-1
m1r2_a18cd61947b3aa09,B1,2020/21,2020-10-30,Genk,Eupen,4-0,4,1.8/3.8/3.75,1.72/3.8/4,-0.75,2,FULL_WIN,1
m1r2_0bd517440a692430,B1,2020/21,2020-10-31,Beerschot VA,Oud-Heverlee Leuven,4-2,2,1.83/4/3.6,1.75/4/3.8,-0.75,2.02,FULL_WIN,1.02
m1r2_9f1cd0264d0dabd6,B1,2020/21,2020-11-07,Eupen,Waasland-Beveren,1-1,0,1.45/4.33/7,1.61/4/5,-0.75,1.85,LOSS,-1
m1r2_2b6a196508ec7344,B1,2020/21,2020-11-28,St Truiden,Waasland-Beveren,1-1,0,1.75/3.8/4.33,1.7/4/4.5,-0.75,1.93,LOSS,-1
m1r2_6829e9eb89a8f13d,B1,2020/21,2020-12-08,Oud-Heverlee Leuven,Mouscron,2-0,2,1.75/3.75/4.5,1.72/3.75/4.5,-0.75,1.98,FULL_WIN,0.98
m1r2_d1718020fd111358,B1,2020/21,2020-12-15,Anderlecht,Oostende,2-1,1,1.8/3.8/4,1.75/3.8/4.2,-0.75,1.93,HALF_WIN,0.465
m1r2_e00e7191fcaab5ff,B1,2020/21,2020-12-19,Genk,Kortrijk,2-0,2,1.55/4.75/4.75,1.7/4.2/4.33,-0.75,1.95,FULL_WIN,0.95
m1r2_590a943cceeac4b4,B1,2020/21,2020-12-20,Club Brugge,Gent,0-1,-1,1.57/3.8/6,1.7/3.75/4.75,-0.75,1.95,LOSS,-1
m1r2_594c5682399815d1,B1,2020/21,2020-12-27,Anderlecht,Beerschot VA,2-0,2,1.7/4/4.5,1.65/4.2/4.5,-0.75,1.83,FULL_WIN,0.83
m1r2_96a412102bbc1614,B1,2020/21,2021-01-27,Gent,St Truiden,1-1,0,1.57/4/5.75,1.72/3.75/4.75,-0.75,1.95,LOSS,-1
m1r2_9b107a234ab9436b,B1,2020/21,2021-02-06,Standard,Oud-Heverlee Leuven,1-1,0,1.65/3.8/5,1.72/4/4.33,-0.75,1.9,LOSS,-1
m1r2_f41f47e7e3be0870,B1,2020/21,2021-02-07,Charleroi,Waregem,1-1,0,1.75/3.6/4.33,1.66/3.6/4.75,-0.75,2,LOSS,-1
m1r2_1d4f24e5bd30d720,B1,2020/21,2021-02-07,Gent,Eupen,2-2,0,1.65/3.75/5,1.65/3.75/5.25,-0.75,1.93,LOSS,-1
m1r2_5361d788abe634d3,B1,2020/21,2021-02-27,Cercle Brugge,Waasland-Beveren,2-0,2,1.75/4/4.2,1.6/4.2/5.25,-0.75,1.85,FULL_WIN,0.85
m1r2_26c1e978c6768252,B1,2020/21,2021-03-08,Gent,Oostende,1-0,1,1.72/3.8/4.5,1.66/4/4.75,-0.75,1.9,HALF_WIN,0.45
m1r2_c085ca9325d5aab3,B1,2020/21,2021-03-21,Gent,Cercle Brugge,1-0,1,2.05/3.75/3.2,1.7/4/4.5,-0.75,1.9,HALF_WIN,0.45
m1r2_556b91ef57b4a8e2,B1,2020/21,2021-04-10,Mechelen,Waregem,4-2,2,1.75/4.2/4,1.6/4.5/4.5,-0.75,1.8,FULL_WIN,0.8
m1r2_f659569aa2efd380,B1,2020/21,2021-04-10,Gent,Charleroi,4-0,4,1.66/4/4.75,1.65/4/5,-0.75,1.88,FULL_WIN,0.88
m1r2_73a2350dc2e9b964,B1,2020/21,2021-04-18,Oostende,Cercle Brugge,1-1,0,1.55/4/6,1.61/3.8/5.5,-0.75,1.88,LOSS,-1
m1r2_55c2bdebe0b22eef,B1,2020/21,2021-04-18,Oud-Heverlee Leuven,Waasland-Beveren,1-2,-1,1.83/4/3.75,1.75/4/4,-0.75,2.02,LOSS,-1
m1r2_0348c54eafd3c884,B1,2021/22,2021-07-24,Kortrijk,Seraing,2-0,2,1.75/3.8/4.5,1.8/3.8/4.33,-0.75,2,FULL_WIN,1
m1r2_cc1038fad8542793,B1,2021/22,2021-08-07,Mechelen,Eupen,1-3,-2,1.7/3.75/4.2,1.72/4/4.33,-0.75,2,LOSS,-1
m1r2_cc8f0bb06b9a0f80,B1,2021/22,2021-08-28,Charleroi,Beerschot VA,5-2,3,1.7/3.6/4.75,1.7/3.4/5,-0.75,2.05,FULL_WIN,1.05
m1r2_7178394b57a63f58,B1,2021/22,2021-09-18,Mechelen,Oud-Heverlee Leuven,2-0,2,1.66/3.8/5,1.75/4/4.2,-0.75,2,FULL_WIN,1
m1r2_303d2b31a6a12fac,B1,2021/22,2021-09-19,Antwerp,Seraing,2-1,1,1.5/4.33/5.5,1.66/4/5.25,-0.75,1.85,HALF_WIN,0.425
m1r2_ec254bd83dac6048,B1,2021/22,2021-09-26,Gent,Cercle Brugge,2-1,1,1.33/4.5/7,1.53/4/5.25,-0.75,1.77,HALF_WIN,0.385
m1r2_f44d5b85465d8e92,B1,2021/22,2021-10-30,Charleroi,Eupen,3-0,3,1.72/3.6/4.33,1.66/3.75/4.75,-0.75,1.88,FULL_WIN,0.88
m1r2_d2264be782521573,B1,2021/22,2021-11-05,Oud-Heverlee Leuven,Oostende,1-0,1,1.85/3.75/4,1.7/4/4.33,-0.75,1.88,HALF_WIN,0.44
m1r2_ed68ca411a735b7a,B1,2021/22,2021-11-06,St. Gilloise,Charleroi,4-0,4,1.7/3.8/4.5,1.7/3.8/4.33,-0.75,2.02,FULL_WIN,1.02
m1r2_56738d4700ee2ffd,B1,2021/22,2021-11-20,Oud-Heverlee Leuven,Seraing,1-3,-2,1.75/4/3.8,1.72/4/4,-0.75,1.98,LOSS,-1
m1r2_3fbb61876b935946,B1,2021/22,2021-11-28,Gent,Standard,3-1,2,1.5/4/6,1.5/4/6,-0.75,1.8,FULL_WIN,0.8
m1r2_5105cef08f1c11b6,B1,2021/22,2021-11-28,Antwerp,Oostende,3-0,3,1.7/4/4.5,1.6/4/5.5,-0.75,1.83,FULL_WIN,0.83
m1r2_323ee49770b2f1cf,B1,2021/22,2021-12-16,Antwerp,Eupen,4-2,2,1.57/4.33/5.25,1.61/4.2/5,-0.75,1.75,FULL_WIN,0.75
m1r2_6630212acaefd6d0,B1,2021/22,2021-12-18,St. Gilloise,Cercle Brugge,3-2,1,1.61/4.33/4.75,1.75/4/4.2,-0.75,2,HALF_WIN,0.5
m1r2_79a68db9012ba680,B1,2021/22,2021-12-19,Genk,Antwerp,1-1,0,1.85/3.6/3.6,1.8/3.8/4,-0.75,2.02,LOSS,-1
m1r2_ffb0e5c2c4e3aaea,B1,2021/22,2021-12-26,Standard,Waregem,0-1,-1,1.57/4.33/4.75,1.65/4.2/4.5,-0.75,1.83,LOSS,-1
m1r2_52795f9b706ef736,B1,2021/22,2022-01-25,Antwerp,St Truiden,1-1,0,1.85/3.6/4,1.75/3.75/4.75,-0.75,1.98,LOSS,-1
m1r2_a530affe1f42a623,B1,2021/22,2022-01-26,Anderlecht,Cercle Brugge,0-2,-2,1.65/3.8/5,1.75/3.6/4.75,-0.75,1.98,LOSS,-1
m1r2_176ba5210ef60e60,B1,2021/22,2022-02-12,Mechelen,Oostende,3-0,3,1.8/4/4,1.8/3.8/4,-0.75,2.02,FULL_WIN,1.02
m1r2_93d1e58fc85570c8,B1,2021/22,2022-02-13,Genk,Standard,2-0,2,1.61/3.8/4.5,1.61/4/4.33,-0.75,1.85,FULL_WIN,0.85
m1r2_7e67533e9fe67ac7,B1,2021/22,2022-02-16,Genk,Mechelen,4-1,3,1.57/3.8/5,1.75/3.6/4,-0.75,2.02,FULL_WIN,1.02
m1r2_09e7d96355069dd5,B1,2022/23,2022-07-23,Charleroi,Eupen,3-1,2,1.61/3.6/4.75,1.61/3.75/4.75,-0.75,1.83,FULL_WIN,0.83
m1r2_89a2cb93084f0586,B1,2022/23,2022-07-29,St. Gilloise,Charleroi,1-0,1,1.65/4/5,1.65/4/5,-0.75,1.8,HALF_WIN,0.4
m1r2_11f2580c0e26f9d1,B1,2022/23,2022-08-06,Charleroi,Oostende,1-3,-2,1.6/3.8/5,1.66/3.75/4.5,-0.75,1.9,LOSS,-1
m1r2_dfb93c31d5b816f1,B1,2022/23,2022-08-07,Gent,Westerlo,2-1,1,1.61/4/4.75,1.7/3.8/4.33,-0.75,1.95,HALF_WIN,0.475
m1r2_bed2a3e99a618028,B1,2022/23,2022-08-19,Eupen,Seraing,1-3,-2,1.7/3.8/4.75,1.65/3.8/4.75,-0.75,1.88,LOSS,-1
m1r2_4f466f1bb6caa25a,B1,2022/23,2022-08-20,Genk,Cercle Brugge,2-1,1,1.61/4.33/4.5,1.7/4.2/4.33,-0.75,1.9,HALF_WIN,0.45
m1r2_9cba3cc715687f18,B1,2022/23,2022-08-27,Cercle Brugge,Waregem,1-1,0,1.75/3.75/4.5,1.72/3.8/5,-0.75,1.93,LOSS,-1
m1r2_325ff12182c1333e,B1,2022/23,2022-08-28,Gent,Antwerp,1-2,-1,1.9/3.6/3.75,1.75/3.75/4.33,-0.75,2.05,LOSS,-1
m1r2_215fa545cafe097b,B1,2022/23,2022-09-02,Club Brugge,Cercle Brugge,4-0,4,1.6/4.33/4.5,1.7/4.2/4,-0.75,1.95,FULL_WIN,0.95
m1r2_8ade9b16e731d829,B1,2022/23,2022-09-03,Mechelen,Seraing,2-3,-1,1.57/4.33/5.25,1.61/4.2/5,-0.75,1.77,LOSS,-1
m1r2_49483a58879a45ed,B1,2022/23,2022-10-09,St. Gilloise,Cercle Brugge,2-1,1,1.53/4.2/5.25,1.7/3.75/4.5,-0.75,2,HALF_WIN,0.5
m1r2_bc37d1d9612c7784,B1,2022/23,2022-10-15,Cercle Brugge,Eupen,5-1,4,1.8/3.6/4.2,1.65/3.8/5,-0.75,1.88,FULL_WIN,0.88
m1r2_feb5d6dde71e777f,B1,2022/23,2022-10-16,Gent,Mechelen,3-0,3,1.45/4.5/6,1.5/4.33/5.75,-0.75,1.6,FULL_WIN,0.6
m1r2_c3da95b36d096821,B1,2022/23,2022-10-18,Charleroi,Kortrijk,2-2,0,1.66/4/4.5,1.66/4/4.5,-0.75,1.93,LOSS,-1
m1r2_686967fdfa90bd28,B1,2022/23,2022-11-05,Mechelen,Waregem,2-2,0,1.72/3.75/4.5,1.6/4/5.25,-0.75,1.77,LOSS,-1
m1r2_110e2d9ae454e8d7,B1,2022/23,2022-11-05,Cercle Brugge,Oud-Heverlee Leuven,2-1,1,1.83/3.8/3.8,1.72/4/4.2,-0.75,1.98,HALF_WIN,0.49
m1r2_6e04430643ef217d,B1,2022/23,2022-12-27,St Truiden,Waregem,2-0,2,1.67/3.6/4.5,1.7/3.6/4.33,-0.75,2.02,FULL_WIN,1.02
m1r2_421d14cb3f4d8492,B1,2022/23,2023-01-07,Oostende,Seraing,1-2,-1,1.75/3.75/4.2,1.75/3.5/4.33,-0.75,2.02,LOSS,-1
m1r2_518d4c01f73e0d76,B1,2022/23,2023-01-08,Oud-Heverlee Leuven,Kortrijk,2-3,-1,1.65/4/4.2,1.75/4/3.6,-0.75,2,LOSS,-1
m1r2_05c8e06e96b4e018,B1,2022/23,2023-01-14,Mechelen,Oostende,2-1,1,1.73/3.8/4.33,1.67/4/4.5,-0.75,1.85,HALF_WIN,0.425
m1r2_e3f6590caf9a1b7f,B1,2022/23,2023-01-15,Club Brugge,Anderlecht,1-1,0,1.91/3.75/3.6,1.75/3.75/4.33,-0.75,2.02,LOSS,-1
m1r2_3389cb24e7a7473e,B1,2022/23,2023-01-17,Oud-Heverlee Leuven,Eupen,1-1,0,1.62/4/4.75,1.65/4/4.75,-0.75,1.8,LOSS,-1
m1r2_cd3a1b2c87dafaf8,B1,2022/23,2023-01-18,Anderlecht,Waregem,2-3,-1,1.5/4.5/5.25,1.7/4/4.33,-0.75,1.93,LOSS,-1
m1r2_e0e61fa6a08fb9d3,B1,2022/23,2023-01-18,Kortrijk,Seraing,3-2,1,1.85/3.75/3.8,1.7/3.8/4.5,-0.75,1.95,HALF_WIN,0.475
m1r2_b62122d4be6f020f,B1,2022/23,2023-01-19,Gent,Charleroi,0-0,0,1.55/4.2/5.25,1.62/4/5,-0.75,1.8,LOSS,-1
m1r2_895bf5e035a4ad55,B1,2022/23,2023-01-21,Mechelen,Kortrijk,3-2,1,1.75/3.5/4.2,1.7/3.75/4.33,-0.75,1.95,HALF_WIN,0.475
m1r2_31f3b41223bae07f,B1,2022/23,2023-01-22,Antwerp,Standard,4-1,3,1.67/3.6/4.75,1.65/3.75/4.5,-0.75,1.88,FULL_WIN,0.88
m1r2_03d334c141a909ff,B1,2022/23,2023-01-27,Standard,Eupen,3-1,2,1.65/3.75/4.5,1.53/4/5.25,-0.75,1.68,FULL_WIN,0.68
m1r2_4003f5ad708c0b66,B1,2022/23,2023-02-12,Anderlecht,St Truiden,3-1,2,1.83/3.4/4,1.75/3.5/4.33,-0.75,2.02,FULL_WIN,1.02
m1r2_a0e904cbf75ecc5b,B1,2022/23,2023-02-19,Gent,Oud-Heverlee Leuven,2-0,2,1.57/4/5.25,1.67/3.8/4.75,-0.75,1.88,FULL_WIN,0.88
m1r2_d412d8ca43001ece,B1,2022/23,2023-03-11,Westerlo,Kortrijk,3-1,2,1.67/4/4.33,1.6/4.2/4.75,-0.75,1.83,FULL_WIN,0.83
m1r2_972c198beb7f7b4b,B1,2022/23,2023-03-19,Antwerp,Charleroi,0-1,-1,1.67/3.75/4.5,1.67/3.75/4.5,-0.75,1.93,LOSS,-1
m1r2_a9a8ea2d8fe31aea,B1,2022/23,2023-04-01,Cercle Brugge,Kortrijk,2-0,2,1.57/4/4.75,1.62/4/4.75,-0.75,1.8,FULL_WIN,0.8
m1r2_25fb7b5f61eb19e5,B1,2022/23,2023-04-08,Charleroi,Waregem,3-2,1,1.73/3.8/4.75,1.83/3.75/4.2,-0.75,2.02,HALF_WIN,0.51
m1r2_f8c03c406ccc8186,B1,2022/23,2023-04-09,Antwerp,Cercle Brugge,2-1,1,1.7/3.6/4.75,1.67/3.6/5,-0.75,1.9,HALF_WIN,0.45
m1r2_f285abd63ccbb765,B1,2022/23,2023-04-15,Cercle Brugge,St Truiden,3-1,2,1.67/3.75/5,1.65/3.75/5.25,-0.75,1.85,FULL_WIN,0.85
m1r2_7640c8215902a898,B1,2023/24,2023-07-30,Antwerp,Cercle Brugge,1-0,1,1.75/3.5/4.2,1.73/3.6/4.33,-0.75,2.05,HALF_WIN,0.525
m1r2_6e2a620442b4f803,B1,2023/24,2023-08-05,Cercle Brugge,Charleroi,2-0,2,1.85/3.8/4,1.73/4/4.5,-0.75,1.98,FULL_WIN,0.98
m1r2_e89bbaf82c3b89f6,B1,2023/24,2023-08-20,Anderlecht,Westerlo,2-1,1,1.83/3.75/4,1.67/4/4.75,-0.75,1.9,HALF_WIN,0.45
m1r2_63f807aa91805314,B1,2023/24,2023-09-01,Oud-Heverlee Leuven,Kortrijk,3-0,3,1.6/4.5/4.5,1.7/4.2/4.2,-0.75,1.85,FULL_WIN,0.85
m1r2_9ae27747622851ff,B1,2023/24,2023-09-02,Mechelen,Eupen,1-0,1,1.8/3.8/4,1.7/4/4.33,-0.75,1.88,HALF_WIN,0.44
m1r2_b67340b99df7b3be,B1,2023/24,2023-09-28,Club Brugge,Genk,1-1,0,1.85/3.6/4.2,1.67/4/4.75,-0.75,1.83,LOSS,-1
m1r2_a882690963421cdc,B1,2023/24,2023-10-01,St. Gilloise,Charleroi,3-1,2,1.55/4.2/5.5,1.7/4/4.5,-0.75,1.85,FULL_WIN,0.85
m1r2_0307eafe0a26732b,B1,2023/24,2023-10-07,Westerlo,Kortrijk,1-0,1,1.8/4/3.8,1.73/4/4.5,-0.75,1.9,HALF_WIN,0.45
m1r2_8ca0c95a8e000eae,B1,2023/24,2023-10-07,Anderlecht,Mechelen,3-1,2,1.73/4/4.2,1.65/4/4.5,-0.75,1.85,FULL_WIN,0.85
m1r2_7763522583a9cab0,B1,2023/24,2023-10-27,St Truiden,RWD Molenbeek,2-1,1,1.85/3.6/4,1.8/3.75/4.2,-0.75,2.05,HALF_WIN,0.525
m1r2_c5124e7ab056e6b3,B1,2023/24,2023-10-29,Gent,Standard,3-1,2,1.62/4.33/4.5,1.7/4.2/4.2,-0.75,1.95,FULL_WIN,0.95
m1r2_5bc199081be216b0,B1,2023/24,2023-11-03,St Truiden,Eupen,1-1,0,1.62/4.2/5,1.62/4/5,-0.75,1.8,LOSS,-1
m1r2_fe1e2d47dd88be7a,B1,2023/24,2023-11-05,Standard,Mechelen,1-1,0,1.7/3.8/4.5,1.75/3.8/4.2,-0.75,2.03,LOSS,-1
m1r2_a8583ac69b7132cc,B1,2023/24,2023-11-12,Club Brugge,Cercle Brugge,0-0,0,1.73/4/4.33,1.83/3.75/4.2,-0.75,2.05,LOSS,-1
m1r2_108a6327d618a439,B1,2023/24,2023-12-09,St Truiden,Oud-Heverlee Leuven,1-1,0,1.85/3.75/4,1.8/3.75/4.2,-0.75,2,LOSS,-1
m1r2_1497911d4ad973db,B1,2023/24,2023-12-15,Westerlo,Eupen,2-0,2,1.73/3.8/4.33,1.62/3.8/5,-0.75,1.85,FULL_WIN,0.85
m1r2_b63c065cae06c1bf,B1,2023/24,2024-01-28,Mechelen,RWD Molenbeek,3-1,2,1.67/3.75/5,1.8/3.5/4.5,-0.75,2.05,FULL_WIN,1.05
m1r2_95ed18dd958ca4bf,B1,2023/24,2024-02-04,Cercle Brugge,St Truiden,4-1,3,1.85/3.6/3.8,1.67/3.8/4.75,-0.75,1.85,FULL_WIN,0.85
m1r2_5132e43883bc1a5e,B1,2023/24,2024-02-18,Anderlecht,St Truiden,4-1,3,1.62/3.75/5.75,1.73/3.75/5.25,-0.75,1.93,FULL_WIN,0.93
m1r2_7a9871e82226668c,B1,2023/24,2024-02-25,Club Brugge,Anderlecht,1-2,-1,1.67/3.75/5,1.6/3.8/5.75,-0.75,1.75,LOSS,-1
m1r2_14eb7c7f4de77702,B1,2023/24,2024-03-10,St. Gilloise,Gent,1-1,0,1.62/4.2/4.75,1.75/3.8/4.33,-0.75,2,LOSS,-1
m1r2_ad66b57de29b7475,B1,2023/24,2024-03-29,Gent,Standard,5-1,4,1.62/4/5,1.62/4.2/5,-0.75,1.8,FULL_WIN,0.8
m1r2_2f48b5dbb57fdb74,B1,2023/24,2024-03-31,St Truiden,Westerlo,2-0,2,2.2/3.5/3.2,1.8/3.8/4.2,-0.75,2.05,FULL_WIN,1.05
m1r2_ff504b0673562541,B1,2023/24,2024-04-06,Charleroi,RWD Molenbeek,0-0,0,1.67/3.75/5,1.7/3.4/5.25,-0.75,2,LOSS,-1
m1r2_ba3c3ecd17f4ef0a,B1,2023/24,2024-04-14,Club Brugge,Antwerp,3-0,3,1.8/3.75/4.2,1.8/3.8/4.2,-0.75,2.03,FULL_WIN,1.03
m1r2_f17f2bab06fafdb6,B1,2023/24,2024-04-21,Charleroi,Eupen,1-0,1,1.67/3.75/5,1.75/3.5/4.75,-0.75,2,HALF_WIN,0.5
m1r2_1eb07e5c0f3e7450,B1,2023/24,2024-04-24,Club Brugge,Genk,4-0,4,1.75/3.8/4.33,1.75/3.75/4.5,-0.75,2,FULL_WIN,1
m1r2_b3c3d2a344ed189b,B1,2023/24,2024-05-05,St. Gilloise,Anderlecht,0-0,0,1.7/3.8/4.5,1.7/3.8/4.5,-0.75,1.93,LOSS,-1
m1r2_8b9004dde55ff754,B1,2023/24,2024-05-20,Genk,Antwerp,1-0,1,1.8/3.9/3.9,1.7/4.1/4.2,-0.75,1.93,HALF_WIN,0.465
m1r2_4ed56604a97ffa4d,B1,2023/24,2024-05-25,Mechelen,Standard,3-2,1,1.85/3.7/3.8,1.65/4.33/4.33,-0.75,1.8,HALF_WIN,0.4
m1r2_cc163c5527614bc0,B1,2023/24,2024-05-26,Club Brugge,Cercle Brugge,0-0,0,1.5/4.33/5,1.67/3.7/4.33,-0.75,1.88,LOSS,-1
m1r2_3c7ce14b7a43328e,B1,2024/25,2024-08-10,Anderlecht,Oud-Heverlee Leuven,1-1,0,1.9/3.5/4,1.73/4/4.2,-0.75,1.95,LOSS,-1
m1r2_0fce210e8e177800,B1,2024/25,2024-08-16,St. Gilloise,Charleroi,1-0,1,1.8/3.8/4.1,1.8/3.75/4.2,-0.75,2.03,HALF_WIN,0.515
m1r2_0c938491c96323cd,B1,2024/25,2024-08-18,Club Brugge,Antwerp,1-0,1,1.75/3.7/4.5,1.7/3.8/4.75,-0.75,1.93,HALF_WIN,0.465
m1r2_d6483747fc68c277,B1,2024/25,2024-08-25,Charleroi,Kortrijk,1-0,1,1.7/3.6/4.33,1.73/3.6/4.1,-0.75,2.03,HALF_WIN,0.515
m1r2_76cf737856843a76,B1,2024/25,2024-08-30,Genk,Westerlo,1-0,1,1.62/4.2/4.75,1.67/4.2/4.33,-0.75,1.88,HALF_WIN,0.44
m1r2_e8bdfe8405f7ad0e,B1,2024/25,2024-09-15,Gent,Mechelen,2-0,2,1.67/4/4.75,1.73/3.9/4.33,-0.75,1.93,FULL_WIN,0.93
m1r2_264a4d906b21cf2d,B1,2024/25,2024-09-22,Oud-Heverlee Leuven,Kortrijk,1-1,0,1.8/3.4/4.2,1.7/3.6/4.33,-0.75,1.95,LOSS,-1
m1r2_6ff4376715182bcf,B1,2024/25,2024-10-06,Anderlecht,Standard,3-0,3,1.55/4.1/5.75,1.75/3.9/4.33,-0.75,2,FULL_WIN,1
m1r2_9d5f0aa3c0be45ff,B1,2024/25,2024-10-06,Antwerp,Cercle Brugge,3-0,3,1.65/4/4.75,1.62/4.1/4.75,-0.75,1.8,FULL_WIN,0.8
m1r2_746a32af6a392265,B1,2024/25,2024-10-20,Mechelen,Kortrijk,3-0,3,1.73/3.9/4.1,1.65/4/4.5,-0.75,1.88,FULL_WIN,0.88
m1r2_12974f48a345c348,B1,2024/25,2024-10-25,Kortrijk,Beerschot VA,1-0,1,1.85/3.5/4.1,1.73/3.75/4.5,-0.75,1.95,HALF_WIN,0.475
m1r2_a676b4a52585b1b3,B1,2024/25,2024-10-27,Antwerp,Standard,3-0,3,1.55/4.2/5.5,1.8/3.75/4.2,-0.75,2.03,FULL_WIN,1.03
m1r2_476c5757d492b832,B1,2024/25,2024-11-01,Westerlo,Dender,2-0,2,1.83/3.9/3.8,1.8/4/3.9,-0.75,2.03,FULL_WIN,1.03
m1r2_ffb2c6380c57e453,B1,2024/25,2024-11-03,Genk,Antwerp,2-0,2,1.95/3.75/3.6,1.7/4.1/4.5,-0.75,1.85,FULL_WIN,0.85
m1r2_76ffed2c778eb48b,B1,2024/25,2024-11-24,Westerlo,Kortrijk,4-0,4,1.67/3.75/4.5,1.7/3.75/4.2,-0.75,1.87,FULL_WIN,0.87
m1r2_cbb6cf4e5fb09fde,B1,2024/25,2024-12-07,Gent,St Truiden,2-0,2,1.8/3.8/4,1.67/4/4.5,-0.75,1.88,FULL_WIN,0.88
m1r2_f29887ccb8d4727b,B1,2024/25,2024-12-21,Charleroi,St Truiden,2-1,1,1.95/3.5/3.7,1.75/3.7/4.33,-0.75,2.03,HALF_WIN,0.515
m1r2_59b8a57c333bd19f,B1,2024/25,2024-12-26,Mechelen,Standard,0-0,0,1.8/3.5/4,1.6/3.8/5,-0.75,1.83,LOSS,-1
m1r2_bad3e572430f6b33,B1,2024/25,2024-12-27,Oud-Heverlee Leuven,Beerschot VA,2-0,2,1.65/3.8/4.5,1.65/3.75/4.5,-0.75,1.88,FULL_WIN,0.88
m1r2_27965372d6c87168,B1,2024/25,2025-01-19,St Truiden,Standard,1-2,-1,2.05/3.3/3.75,1.73/3.75/4.75,-0.75,1.98,LOSS,-1
m1r2_01f3d90a1f746661,B1,2024/25,2025-02-01,Charleroi,Dender,5-0,5,1.73/3.8/4.5,1.8/3.6/4.5,-0.75,2.03,FULL_WIN,1.03
m1r2_f50f1491e9ea0856,B1,2024/25,2025-02-01,Cercle Brugge,Standard,1-1,0,1.83/3.4/4.33,1.75/3.7/4.5,-0.75,2,LOSS,-1
m1r2_11e1f3e30b2cd510,B1,2024/25,2025-02-08,Genk,Cercle Brugge,2-1,1,1.6/4.2/4.75,1.67/3.8/4.5,-0.75,1.9,HALF_WIN,0.45
m1r2_cc5be3d33dc166a1,B1,2024/25,2025-02-09,Anderlecht,Antwerp,2-0,2,2.15/3.3/3.4,1.73/3.8/4.75,-0.75,1.95,FULL_WIN,0.95
m1r2_fdef1177f6640c22,B1,2024/25,2025-02-09,Westerlo,Standard,4-2,2,1.7/3.9/4.5,1.7/4.1/4.33,-0.75,1.9,FULL_WIN,0.9
m1r2_fa79204afedfe06d,B1,2024/25,2025-02-15,Antwerp,Kortrijk,2-1,1,1.67/4.2/4.5,1.62/4.1/4.75,-0.75,1.83,HALF_WIN,0.415
m1r2_7f18316a7f5f3065,B1,2024/25,2025-02-16,St. Gilloise,Mechelen,0-1,-1,1.52/4.33/5.25,1.62/4.1/5,-0.75,1.8,LOSS,-1
m1r2_c594dceb0de28102,B1,2024/25,2025-02-22,Dender,Beerschot VA,0-0,0,1.83/3.5/4.33,1.73/3.7/4.75,-0.75,1.98,LOSS,-1
m1r2_c815515f81acb67f,B1,2024/25,2025-02-22,Antwerp,Oud-Heverlee Leuven,2-2,0,1.85/3.4/4,1.67/3.8/4.75,-0.75,1.88,LOSS,-1
m1r2_8a42459e2532878c,B1,2024/25,2025-03-01,St Truiden,Kortrijk,4-2,2,1.75/3.6/4.33,1.75/3.6/4.33,-0.75,2.03,FULL_WIN,1.03
m1r2_e5f0d26714d9fccd,B1,2024/25,2025-04-06,St Truiden,Kortrijk,0-3,-3,1.9/3.6/4,1.73/3.75/4.5,-0.75,1.98,LOSS,-1
m1r2_6aed2f036ee78a87,B1,2024/25,2025-04-12,Kortrijk,Beerschot VA,3-2,1,1.57/4/5.5,1.62/3.9/5.25,-0.75,1.8,HALF_WIN,0.4
m1r2_926fdf38e033bf4f,B1,2024/25,2025-04-12,St. Gilloise,Anderlecht,2-0,2,1.6/3.8/5.5,1.62/3.8/5.25,-0.75,1.83,FULL_WIN,0.83
m1r2_5c2ff879a72975ad,B1,2024/25,2025-04-13,Mechelen,Oud-Heverlee Leuven,1-1,0,1.73/3.7/4.5,1.75/3.7/4.33,-0.75,2,LOSS,-1
m1r2_e48d36530a52bc34,B1,2024/25,2025-04-13,Club Brugge,Genk,1-0,1,1.73/3.8/4.33,1.62/4/4.75,-0.75,1.83,HALF_WIN,0.415
m1r2_cf3828f599cd43ea,B1,2024/25,2025-05-02,Westerlo,Dender,4-2,2,1.6/4.33/4.75,1.7/4.1/4.2,-0.75,1.88,FULL_WIN,0.88
m1r2_e79253859bc74e3a,B1,2024/25,2025-05-03,Cercle Brugge,Kortrijk,0-2,-2,1.85/3.6/3.9,1.8/3.5/4.33,-0.75,2.05,LOSS,-1
m1r2_83f2b50a7ce6c59b,B1,2024/25,2025-05-03,St. Gilloise,Genk,1-0,1,1.9/3.6/3.7,1.7/3.7/4.5,-0.75,1.95,HALF_WIN,0.475
m1r2_ddf240580082c2cc,B1,2024/25,2025-05-09,Charleroi,Westerlo,4-3,1,1.62/4.33/4.5,1.65/4.33/4.5,-0.75,1.83,HALF_WIN,0.415
m1r2_087b0f1db2ac0596,B1,2024/25,2025-05-24,Westerlo,Standard,0-0,0,1.65/4.2/4.5,1.75/4/4,-0.75,1.98,LOSS,-1
m1r2_96154115cf5448a9,N1,2020/21,2020-09-13,Heracles,Den Haag,2-0,2,1.72/3.75/4.5,1.61/4/5.25,-0.75,1.75,FULL_WIN,0.75
m1r2_b70465d88b7b2e57,N1,2020/21,2020-09-19,Vitesse,Sparta Rotterdam,2-0,2,1.61/4/5,1.7/4/4.5,-0.75,2.01,FULL_WIN,1.01
m1r2_3a326a915852e6f4,N1,2020/21,2020-10-17,Heracles,Waalwijk,0-1,-1,1.53/4.5/5.5,1.57/4.5/5.25,-0.75,1.87,LOSS,-1
m1r2_dbff624da38e4275,N1,2020/21,2020-11-08,Feyenoord,Groningen,2-0,2,1.57/3.8/6,1.75/3.8/4.33,-0.75,1.93,FULL_WIN,0.93
m1r2_8bb839dc717f87f6,N1,2020/21,2020-11-29,PSV Eindhoven,Sparta Rotterdam,1-0,1,1.25/6/9.5,1.6/4.5/4.5,-0.75,1.88,HALF_WIN,0.44
m1r2_593053442a4c74ea,N1,2020/21,2020-12-04,Sparta Rotterdam,FC Emmen,2-1,1,1.61/4/5,1.72/3.8/4.5,-0.75,1.99,HALF_WIN,0.495
m1r2_b58d84ea4c786b47,N1,2020/21,2020-12-06,AZ Alkmaar,Groningen,1-2,-1,1.45/4.5/6.5,1.6/4.2/5,-0.75,1.83,LOSS,-1
m1r2_ff5e7067f5f5e9d4,N1,2020/21,2020-12-12,FC Emmen,Den Haag,1-1,0,1.65/4/4.5,1.57/4/4.75,-0.75,1.84,LOSS,-1
m1r2_38bb8ef1f06f6fac,N1,2020/21,2020-12-13,Vitesse,Heerenveen,1-1,0,1.66/4/4.5,1.72/4/4.33,-0.75,2.02,LOSS,-1
m1r2_2b15b7944165ba88,N1,2020/21,2020-12-23,Feyenoord,Heerenveen,3-0,3,1.57/4.2/5.25,1.61/4.33/4.6,-0.75,1.83,FULL_WIN,0.83
m1r2_8a098fb64aaf4b62,N1,2020/21,2021-01-09,Utrecht,Groningen,2-2,0,1.75/3.75/4.33,1.75/3.75/4.5,-0.75,1.95,LOSS,-1
m1r2_e8632ad639413e75,N1,2020/21,2021-01-10,Heerenveen,For Sittard,1-3,-2,1.66/4/4.75,1.65/4/4.75,-0.75,1.85,LOSS,-1
m1r2_4cd5e61bfafd2fab,N1,2020/21,2021-01-12,Heracles,FC Emmen,4-0,4,1.75/3.75/4.33,1.75/3.8/4.5,-0.75,2.04,FULL_WIN,1.04
m1r2_36a4e69f6c144edf,N1,2020/21,2021-01-14,Heerenveen,Waalwijk,1-1,0,1.57/4.2/5.5,1.66/4.2/5,-0.75,1.91,LOSS,-1
m1r2_bf1e0cb28ffc4875,N1,2020/21,2021-01-16,Utrecht,Heracles,2-0,2,1.65/4.2/4.75,1.65/4.2/4.5,-0.75,1.89,FULL_WIN,0.89
m1r2_576c87e6e5cab42c,N1,2020/21,2021-01-23,Vitesse,Groningen,1-0,1,1.72/3.9/4.33,1.72/4/4.33,-0.75,2.05,HALF_WIN,0.525
m1r2_ea306382af5b81f6,N1,2020/21,2021-01-24,Twente,VVV Venlo,0-1,-1,1.57/4/5.75,1.72/4/4.5,-0.75,1.99,LOSS,-1
m1r2_553c18a1214ece01,N1,2020/21,2021-02-24,Willem II,Den Haag,1-1,0,1.7/3.6/4.2,1.7/3.6/5,-0.75,1.97,LOSS,-1
m1r2_45b2b2a1157f750a,N1,2020/21,2021-02-28,Sparta Rotterdam,Willem II,0-2,-2,1.7/3.8/4.5,1.75/4/4.33,-0.75,2.04,LOSS,-1
m1r2_221b42e3e8d6db83,N1,2020/21,2021-03-14,PSV Eindhoven,Feyenoord,1-1,0,1.8/3.6/4.2,1.66/4/4.6,-0.75,1.94,LOSS,-1
m1r2_876d3c499353d2f2,N1,2020/21,2021-03-21,Zwolle,VVV Venlo,2-1,1,1.7/3.6/4.75,1.7/3.6/4.75,-0.75,2,HALF_WIN,0.5
m1r2_4e82112e59318b95,N1,2020/21,2021-03-21,Vitesse,Willem II,0-0,0,1.5/4.33/6.5,1.6/4.2/5.5,-0.75,1.85,LOSS,-1
m1r2_f75519b3b2a98a32,N1,2020/21,2021-04-23,Willem II,Waalwijk,1-0,1,1.83/3.6/4.33,1.75/3.6/4.75,-0.75,2.04,HALF_WIN,0.52
m1r2_d920a2849a643868,N1,2020/21,2021-04-25,Feyenoord,Vitesse,0-0,0,2.05/3.6/3.3,1.66/3.75/4.75,-0.75,1.97,LOSS,-1
m1r2_d5493a9f45ca3400,N1,2020/21,2021-05-01,Heracles,VVV Venlo,4-0,4,1.57/4.2/5.25,1.7/4/4.75,-0.75,1.94,FULL_WIN,0.94
m1r2_2be3fa8465bf6131,N1,2021/22,2021-08-22,Vitesse,Willem II,0-3,-3,1.61/3.75/5.5,1.75/3.75/4.5,-0.75,2.03,LOSS,-1
m1r2_b9cacbaf2d506143,N1,2021/22,2021-08-27,For Sittard,Waalwijk,2-2,0,1.7/3.6/4.5,1.7/3.5/4.33,-0.75,2.07,LOSS,-1
m1r2_c49cc2b85a0199d8,N1,2021/22,2021-09-11,Cambuur,Go Ahead Eagles,5-2,3,1.72/3.75/4.75,1.65/3.8/5.25,-0.75,1.82,FULL_WIN,0.82
m1r2_740a72a13266d5b7,N1,2021/22,2021-09-18,Heerenveen,For Sittard,1-0,1,1.7/3.8/4.75,1.7/3.75/4.75,-0.75,2,HALF_WIN,0.5
m1r2_7eb34ce859a59508,N1,2021/22,2021-09-19,PSV Eindhoven,Feyenoord,0-4,-4,1.66/4/4.75,1.65/4/5,-0.75,1.88,LOSS,-1
m1r2_60dd3765ed2844c4,N1,2021/22,2021-10-17,Twente,Willem II,1-1,0,1.7/3.8/5,1.7/4/5.25,-0.75,1.85,LOSS,-1
m1r2_3fc602dc0be5a4a4,N1,2021/22,2021-10-24,Twente,Nijmegen,1-2,-1,1.66/3.9/4.75,1.61/4/5,-0.75,1.86,LOSS,-1
m1r2_818818ef26a816df,N1,2021/22,2021-10-24,Vitesse,Go Ahead Eagles,1-2,-1,1.5/4.5/6,1.66/4/5,-0.75,1.97,LOSS,-1
m1r2_2af1241acccd4bce,N1,2021/22,2021-11-07,Groningen,Waalwijk,1-1,0,1.72/3.75/4.75,1.75/3.75/4.6,-0.75,2.02,LOSS,-1
m1r2_b80ffd98fd5a57c1,N1,2021/22,2021-11-20,Heracles,For Sittard,3-1,2,1.6/4.2/5.25,1.66/3.8/5.25,-0.75,1.9,FULL_WIN,0.9
m1r2_8660a891672ce5f7,N1,2021/22,2021-11-28,Utrecht,Heracles,1-0,1,1.6/4/5.25,1.7/4/4.5,-0.75,1.95,HALF_WIN,0.475
m1r2_3c980a475ce246c6,N1,2021/22,2021-12-12,Twente,Waalwijk,2-1,1,1.57/4/6,1.66/3.8/5.25,-0.75,1.92,HALF_WIN,0.46
m1r2_25ec588802338c5d,N1,2021/22,2021-12-12,Vitesse,Heracles,2-1,1,1.72/3.75/5,1.65/4/5,-0.75,1.91,HALF_WIN,0.455
m1r2_ca87f0c25c0c036f,N1,2021/22,2021-12-23,Sparta Rotterdam,Waalwijk,1-1,0,1.75/3.75/4.75,1.66/3.8/5.25,-0.75,1.94,LOSS,-1
m1r2_9a27fcb257c85b49,N1,2021/22,2022-02-20,Twente,Go Ahead Eagles,2-2,0,1.7/3.75/5,1.66/3.75/5.5,-0.75,1.88,LOSS,-1
m1r2_b0f278fcdb8877b4,N1,2021/22,2022-02-20,Utrecht,Vitesse,1-1,0,1.8/3.75/4.33,1.72/3.75/5,-0.75,1.97,LOSS,-1
m1r2_08d669e5a741bc0d,N1,2021/22,2022-04-02,AZ Alkmaar,Vitesse,3-1,2,1.61/4.2/5,1.66/3.8/5,-0.75,1.95,FULL_WIN,0.95
m1r2_2fc9f44a8f3d1b35,N1,2021/22,2022-04-19,Vitesse,Sparta Rotterdam,0-1,-1,1.8/3.6/4.75,1.7/3.6/5,-0.75,1.99,LOSS,-1
m1r2_9bfc6337fa2627fd,N1,2021/22,2022-04-29,Utrecht,Nijmegen,1-0,1,1.72/3.4/5.5,1.65/4/5,-0.75,1.89,HALF_WIN,0.445
m1r2_34e5ea52979aeb6a,N1,2021/22,2022-05-15,Heerenveen,Go Ahead Eagles,3-1,2,1.83/3.6/3.8,1.7/4/4.5,-0.75,1.94,FULL_WIN,0.94
m1r2_f44cba95942e4f1f,N1,2022/23,2022-09-03,Sparta Rotterdam,Volendam,4-0,4,1.65/3.8/5.5,1.72/3.75/4.75,-0.75,1.87,FULL_WIN,0.87
m1r2_75c764ab5a159e03,N1,2022/23,2022-09-04,Waalwijk,Excelsior,5-2,3,1.7/4/4.75,1.75/4/4.5,-0.75,1.98,FULL_WIN,0.98
m1r2_fe4d8170ea7240b3,N1,2022/23,2022-09-04,Heerenveen,Nijmegen,0-0,0,1.9/3.6/4,1.7/3.8/5,-0.75,1.89,LOSS,-1
m1r2_14129107c4028aed,N1,2022/23,2022-09-16,Utrecht,Nijmegen,0-0,0,1.7/3.75/5,1.72/3.75/4.75,-0.75,1.96,LOSS,-1
m1r2_abb2688f442f3f91,N1,2022/23,2022-10-01,Twente,Vitesse,3-0,3,1.7/3.75/5,1.7/3.75/5,-0.75,1.97,FULL_WIN,0.97
m1r2_3dc4899a007e8da5,N1,2022/23,2022-10-22,Vitesse,FC Emmen,2-1,1,1.8/3.5/4.75,1.75/3.75/4.75,-0.75,2.01,HALF_WIN,0.505
m1r2_b1cf91493f4bc3ef,N1,2022/23,2022-11-13,Heerenveen,Cambuur,2-1,1,1.8/3.8/4.33,1.7/3.75/5,-0.75,1.95,HALF_WIN,0.475
m1r2_5f81275fbe6b1750,N1,2022/23,2023-01-22,Heerenveen,Groningen,3-1,2,1.73/3.75/5,1.67/3.6/5.75,-0.75,1.85,FULL_WIN,0.85
m1r2_d54fc60e30715301,N1,2022/23,2023-01-28,AZ Alkmaar,Utrecht,5-5,0,1.67/3.8/5.25,1.65/3.8/5.5,-0.75,1.81,LOSS,-1
m1r2_f7b70e41616a3c59,N1,2022/23,2023-02-04,Utrecht,Heerenveen,1-0,1,1.8/3.6/4.5,1.65/4/5.25,-0.75,1.84,HALF_WIN,0.42
m1r2_e2f8d83852c3b8a8,N1,2022/23,2023-02-25,Groningen,Excelsior,3-0,3,1.85/3.8/4,1.7/4/4.5,-0.75,1.9,FULL_WIN,0.9
m1r2_5b90c1d0dbe152cd,N1,2022/23,2023-03-11,FC Emmen,Excelsior,2-0,2,1.7/3.8/5,1.67/3.8/5.25,-0.75,1.86,FULL_WIN,0.86
m1r2_bb2e65fd855861b6,N1,2022/23,2023-03-18,Utrecht,Go Ahead Eagles,1-2,-1,1.7/4/4.5,1.8/4/4,-0.75,2.03,LOSS,-1
m1r2_6bd662efc5bf886d,N1,2022/23,2023-04-21,Volendam,Cambuur,2-0,2,1.7/4/4.5,1.73/4/4.2,-0.75,1.99,FULL_WIN,0.99
m1r2_524aee190beee7ff,N1,2022/23,2023-04-22,Heerenveen,FC Emmen,2-3,-1,1.7/3.6/5.5,1.67/3.6/5.75,-0.75,1.85,LOSS,-1
m1r2_806459be1f0375ef,N1,2022/23,2023-04-23,Go Ahead Eagles,For Sittard,2-0,2,1.91/3.5/4.2,1.8/3.75/4.5,-0.75,1.98,FULL_WIN,0.98
m1r2_bd48f52177db33d7,N1,2022/23,2023-05-06,Ajax,AZ Alkmaar,0-0,0,1.57/4.5/5.25,1.7/4.2/4.5,-0.75,1.92,LOSS,-1
m1r2_96106489c6633c4f,N1,2022/23,2023-05-21,Go Ahead Eagles,Volendam,3-0,3,1.75/4/4.33,1.73/4.2/4.2,-0.75,1.93,FULL_WIN,0.93
m1r2_5d21c0f9412f4444,N1,2022/23,2023-05-28,Volendam,Excelsior,3-2,1,1.7/4.33/4,1.8/4.75/3.6,-0.75,2.03,HALF_WIN,0.515
m1r2_256e2a72b6c58d80,N1,2023/24,2023-08-20,Utrecht,Heerenveen,0-2,-2,1.8/3.75/4.33,1.8/3.75/4.33,-0.75,2.03,LOSS,-1
m1r2_478707257829fee8,N1,2023/24,2023-08-26,Nijmegen,Waalwijk,3-0,3,1.75/3.8/4.33,1.67/4/5,-0.75,1.85,FULL_WIN,0.85
m1r2_b48d18ea7dfe79db,N1,2023/24,2023-09-02,Heracles,Excelsior,3-1,2,1.8/3.8/4.33,1.8/3.8/4.33,-0.75,2.04,FULL_WIN,1.04
m1r2_3e742406154a3c37,N1,2023/24,2023-10-07,Go Ahead Eagles,Heracles,4-0,4,1.8/4/4.2,1.83/4/4,-0.75,2.05,FULL_WIN,1.05
m1r2_c94e8c2efc757532,N1,2023/24,2023-10-07,Vitesse,Excelsior,0-0,0,1.73/4.33/4,1.8/4.2/3.8,-0.75,2.05,LOSS,-1
m1r2_3ecbbfb2a96d127a,N1,2023/24,2023-10-21,Waalwijk,Volendam,2-1,1,1.65/4.2/4.5,1.75/4/4.2,-0.75,2.01,HALF_WIN,0.505
m1r2_fa0b368be1b08376,N1,2023/24,2023-10-28,Heerenveen,Heracles,3-0,3,1.95/3.75/3.75,1.73/4/4.5,-0.75,1.94,FULL_WIN,0.94
m1r2_1218ee31c6f60a3c,N1,2023/24,2023-10-28,Sparta Rotterdam,Waalwijk,2-0,2,1.75/3.75/4.75,1.75/3.75/4.75,-0.75,2.01,FULL_WIN,1.01
m1r2_e7bdb5acbf452083,N1,2023/24,2023-11-05,Sparta Rotterdam,Almere City,1-2,-1,1.67/4/5,1.7/4/4.75,-0.75,1.95,LOSS,-1
m1r2_384406f1a97dbf2e,N1,2023/24,2023-11-10,For Sittard,Heracles,4-1,3,1.73/3.8/4.75,1.67/4/5,-0.75,1.89,FULL_WIN,0.89
m1r2_f10e66e4c49551df,N1,2023/24,2023-12-16,Utrecht,Waalwijk,1-1,0,1.62/4/5.25,1.73/4/4.5,-0.75,1.98,LOSS,-1
m1r2_78e9890ce8a2a31d,N1,2023/24,2024-01-20,Heracles,Volendam,1-1,0,1.73/4/4.33,1.67/4/5,-0.75,1.88,LOSS,-1
m1r2_a16a547816fe4712,N1,2023/24,2024-02-11,Go Ahead Eagles,Zwolle,1-1,0,1.75/4/4.33,1.73/4/4.5,-0.75,2,LOSS,-1
m1r2_52a3577b9eb67bc9,N1,2023/24,2024-02-11,Utrecht,For Sittard,4-0,4,1.75/3.8/4.75,1.62/4/5.5,-0.75,1.81,FULL_WIN,0.81
m1r2_665deb5e8d03efe7,N1,2023/24,2024-02-18,Twente,Utrecht,0-1,-1,1.62/4.2/5.25,1.67/4/5,-0.75,1.91,LOSS,-1
m1r2_e6045baf94e5f543,N1,2023/24,2024-03-16,For Sittard,Zwolle,3-1,2,1.75/3.8/4.5,1.73/4/4.5,-0.75,2.02,FULL_WIN,1.02
m1r2_ae7d9b455dd221c1,N1,2023/24,2024-04-06,Sparta Rotterdam,Heracles,1-2,-1,1.67/4/5,1.65/4/5,-0.75,1.87,LOSS,-1
m1r2_320b52fa5f42e1a0,N1,2023/24,2024-04-07,Go Ahead Eagles,Almere City,1-1,0,1.65/4/5.25,1.7/3.8/5,-0.75,1.92,LOSS,-1
m1r2_512cb2b76d453206,N1,2023/24,2024-04-12,Excelsior,Volendam,4-0,4,1.75/4.33/4,1.67/4.5/4.5,-0.75,1.85,FULL_WIN,0.85
m1r2_2ed2f69d680c2c0b,N1,2023/24,2024-04-14,Utrecht,Go Ahead Eagles,2-1,1,1.73/3.8/4.75,1.8/3.6/4.5,-0.75,2.04,HALF_WIN,0.52
m1r2_3b4748220f5830f6,N1,2023/24,2024-05-12,Utrecht,Sparta Rotterdam,0-1,-1,1.73/4/4.33,1.8/4/4,-0.75,2.05,LOSS,-1
m1r2_6337083460f02671,N1,2023/24,2024-05-19,Sparta Rotterdam,Heerenveen,2-1,1,1.95/3.6/3.7,1.67/4.1/4.75,-0.75,1.85,HALF_WIN,0.425
m1r2_2bd7e36d3114e4ae,N1,2024/25,2024-08-09,Groningen,NAC Breda,4-1,3,1.62/4/5.5,1.67/3.8/5.25,-0.75,1.87,FULL_WIN,0.87
m1r2_e192e98db8843960,N1,2024/25,2024-08-16,For Sittard,Almere City,3-0,3,1.8/3.6/4.5,1.8/3.6/4.5,-0.75,2.07,FULL_WIN,1.07
m1r2_757defd55368a722,N1,2024/25,2024-08-24,Nijmegen,Zwolle,1-0,1,1.57/4/6,1.62/3.9/5.5,-0.75,1.78,HALF_WIN,0.39
m1r2_2e562e6d3b4541ad,N1,2024/25,2024-08-25,Go Ahead Eagles,Waalwijk,2-0,2,1.73/3.9/4.75,1.67/4.1/4.75,-0.75,1.88,FULL_WIN,0.88
m1r2_7943d40cf7c00d42,N1,2024/25,2024-08-31,Heerenveen,NAC Breda,4-0,4,1.73/3.8/4.75,1.65/4/5.25,-0.75,1.84,FULL_WIN,0.84
m1r2_8d4b8164daf9de48,N1,2024/25,2024-09-21,Utrecht,Willem II,3-2,1,1.57/4/5.75,1.65/3.8/5.25,-0.75,1.83,HALF_WIN,0.415
m1r2_dec029d5b5d54812,N1,2024/25,2024-09-28,Sparta Rotterdam,For Sittard,1-1,0,1.75/3.7/4.75,1.62/3.9/5.5,-0.75,1.75,LOSS,-1
m1r2_e636458db7d1e12d,N1,2024/25,2024-10-06,Feyenoord,Twente,2-1,1,1.6/4.33/5.25,1.75/4.1/4.33,-0.75,2,HALF_WIN,0.5
m1r2_90f43fdd4fda5d73,N1,2024/25,2024-10-06,Heerenveen,Zwolle,1-1,0,1.65/4.1/5,1.83/3.9/4.1,-0.75,2.03,LOSS,-1
m1r2_0c1b85ff17f95fdf,N1,2024/25,2024-10-19,Sparta Rotterdam,Almere City,2-2,0,1.55/4.33/5.5,1.7/3.8/4.75,-0.75,1.92,LOSS,-1
m1r2_02081c86425d0491,N1,2024/25,2024-10-26,NAC Breda,Waalwijk,4-1,3,1.85/4.1/3.6,1.62/4/5,-0.75,1.85,FULL_WIN,0.85
m1r2_e2deb8c514c72bac,N1,2024/25,2024-10-27,AZ Alkmaar,Go Ahead Eagles,2-2,0,1.53/4.2/6,1.7/3.8/5,-0.75,1.95,LOSS,-1
m1r2_d2f5fb1d607dcb22,N1,2024/25,2024-11-02,Feyenoord,AZ Alkmaar,3-2,1,1.67/3.8/5.25,1.67/3.7/5.5,-0.75,1.86,HALF_WIN,0.43
m1r2_d7e593727e5ce48c,N1,2024/25,2024-11-23,Heracles,Waalwijk,2-2,0,1.8/3.8/4.2,1.73/3.9/4.5,-0.75,1.97,LOSS,-1
m1r2_d11aa0bd86b44334,N1,2024/25,2024-11-30,NAC Breda,Almere City,1-0,1,1.95/3.4/3.9,1.62/4/5.75,-0.75,1.75,HALF_WIN,0.375
m1r2_c3ed7bc589eb78ec,N1,2024/25,2024-12-01,Twente,Go Ahead Eagles,3-2,1,1.57/4.5/5.25,1.67/4.33/4.5,-0.75,1.88,HALF_WIN,0.44
m1r2_226634221b10d579,N1,2024/25,2024-12-07,Sparta Rotterdam,NAC Breda,0-2,-2,2/3.3/3.9,1.73/3.7/4.75,-0.75,2,LOSS,-1
m1r2_7b4dc6a874f82f71,N1,2024/25,2024-12-14,For Sittard,Waalwijk,3-2,1,1.62/4/5.5,1.65/3.9/5.25,-0.75,1.83,HALF_WIN,0.415
m1r2_b1013b64c09b212a,N1,2024/25,2025-01-19,Nijmegen,For Sittard,4-1,3,1.83/3.6/4.33,1.67/3.9/5,-0.75,1.88,FULL_WIN,0.88
m1r2_7047b759f99e8d8d,N1,2024/25,2025-01-31,NAC Breda,Heracles,1-1,0,1.83/3.5/4.33,1.75/3.6/4.75,-0.75,2.04,LOSS,-1
m1r2_5f91dc38735e632b,N1,2024/25,2025-02-01,Heerenveen,For Sittard,2-2,0,1.95/3.5/3.9,1.75/3.8/4.5,-0.75,1.99,LOSS,-1
m1r2_2d3b8c0d787ce4c7,N1,2024/25,2025-02-02,Sparta Rotterdam,Groningen,1-0,1,1.8/3.6/4.75,1.75/3.7/4.75,-0.75,2,HALF_WIN,0.5
m1r2_add2b31042c8b0e3,N1,2024/25,2025-03-02,Sparta Rotterdam,Willem II,4-0,4,1.65/3.8/5.25,1.67/3.75/5.25,-0.75,1.87,FULL_WIN,0.87
m1r2_bfb008de3c4755ca,N1,2024/25,2025-03-15,Utrecht,Nijmegen,0-1,-1,1.8/3.75/4.2,1.73/3.7/4.75,-0.75,2,LOSS,-1
m1r2_d09b1de610cf9617,N1,2024/25,2025-03-15,Sparta Rotterdam,Zwolle,1-1,0,1.62/4/5.25,1.67/3.8/5,-0.75,1.91,LOSS,-1
m1r2_103c07b58406ad76,N1,2024/25,2025-04-06,Sparta Rotterdam,Nijmegen,2-0,2,2/3.5/3.7,1.73/3.9/4.5,-0.75,1.99,FULL_WIN,0.99
m1r2_5632ca04ec0f4e2c,N1,2024/25,2025-04-11,Nijmegen,Waalwijk,2-1,1,1.67/4/4.75,1.75/3.9/4.2,-0.75,2.03,HALF_WIN,0.515
m1r2_c358c99df4e51da6,N1,2024/25,2025-04-27,For Sittard,Willem II,1-0,1,1.8/3.75/4.33,1.67/3.8/5.25,-0.75,1.9,HALF_WIN,0.45
m1r2_ef9acafc8624750d,N1,2024/25,2025-05-10,For Sittard,NAC Breda,1-0,1,1.95/3.4/4,1.73/3.7/4.75,-0.75,1.97,HALF_WIN,0.485
m1r2_5d403f391f153b16,N1,2024/25,2025-05-11,Twente,Utrecht,2-0,2,2.35/3.8/2.7,1.8/3.9/4.1,-0.75,2.05,FULL_WIN,1.05
m1r2_4611b601fc7fff2d,N1,2024/25,2025-05-11,AZ Alkmaar,Groningen,3-0,3,1.62/4.2/5,1.8/3.7/4.33,-0.75,2.03,FULL_WIN,1.03
m1r2_e9cf76fb7d43d458,N1,2024/25,2025-05-14,Utrecht,Sparta Rotterdam,1-1,0,1.9/3.5/4.1,1.8/3.75/4.33,-0.75,2.06,LOSS,-1
m1r2_bd38af326c778c27,N1,2024/25,2025-05-18,NAC Breda,Willem II,1-1,0,1.85/3.5/4.1,1.7/3.8/4.75,-0.75,1.93,LOSS,-1
m1r2_73380e1a868c7294,P1,2020/21,2020-09-19,Porto,Sp Braga,3-1,2,1.61/4/5,1.61/4/5,-0.75,1.89,FULL_WIN,0.89
m1r2_860443f97fdd894e,P1,2020/21,2020-10-02,Guimaraes,Pacos Ferreira,1-0,1,1.7/3.6/5,1.7/3.6/5,-0.75,1.96,HALF_WIN,0.48
m1r2_936a658a8a850e4b,P1,2020/21,2020-10-31,Rio Ave,Moreirense,2-0,2,1.85/3.1/4.75,1.7/3.4/5.5,-0.75,1.94,FULL_WIN,0.94
m1r2_d4ffee591703af06,P1,2020/21,2020-12-22,Sp Braga,Rio Ave,3-0,3,1.5/4/6,1.57/4/5.5,-0.75,1.81,FULL_WIN,0.81
m1r2_54d5d821d76a288f,P1,2020/21,2021-02-05,Pacos Ferreira,Tondela,2-1,1,1.7/3.6/5,1.75/3.6/4.5,-0.75,2.05,HALF_WIN,0.525
m1r2_54bd39c203b3cf97,P1,2020/21,2021-03-05,Pacos Ferreira,Nacional,2-1,1,1.7/3.5/5.25,1.66/3.5/5.5,-0.75,1.95,HALF_WIN,0.475
m1r2_e039f1ff8ffd3ef0,P1,2020/21,2021-03-09,Sp Braga,Guimaraes,3-0,3,1.57/4/5.5,1.61/3.8/5.5,-0.75,1.86,FULL_WIN,0.86
m1r2_6128b0b4f19fa321,P1,2020/21,2021-03-20,Santa Clara,Tondela,1-1,0,1.75/3.4/5,1.72/3.4/4.75,-0.75,2.07,LOSS,-1
m1r2_9b1af6d3d5fed16e,P1,2020/21,2021-03-20,Sp Lisbon,Guimaraes,1-0,1,1.5/3.8/7,1.65/3.6/5.5,-0.75,1.96,HALF_WIN,0.48
m1r2_24a2c6a60e098735,P1,2020/21,2021-04-04,Guimaraes,Tondela,1-2,-1,1.61/3.75/5.5,1.75/3.6/4.5,-0.75,2.05,LOSS,-1
m1r2_74e2a14656c282b9,P1,2020/21,2021-04-11,Santa Clara,Nacional,5-1,4,1.8/3.5/4.5,1.65/3.6/5.25,-0.75,1.96,FULL_WIN,0.96
m1r2_5b20843f29ae3430,P1,2020/21,2021-04-21,Santa Clara,Moreirense,0-0,0,1.9/3.4/4.2,1.75/3.5/4.75,-0.75,2.03,LOSS,-1
m1r2_0a2f933f57f86ded,P1,2020/21,2021-04-26,Famalicao,Tondela,2-2,0,1.9/3.2/4,1.66/3.5/5.5,-0.75,1.95,LOSS,-1
m1r2_f931aa6c5ba3a97a,P1,2020/21,2021-05-16,Famalicao,Nacional,3-0,3,1.9/3.5/4,1.66/4/4.75,-0.75,1.97,FULL_WIN,0.97
m1r2_7ad4420551bd5b55,P1,2021/22,2021-10-31,Famalicao,Vizela,1-1,0,1.9/3.25/4.2,1.75/3.5/4.75,-0.75,1.97,LOSS,-1
m1r2_e98a347366d3daee,P1,2021/22,2021-11-06,Guimaraes,Moreirense,2-1,1,1.45/4/8,1.6/4/5.75,-0.75,1.75,HALF_WIN,0.375
m1r2_45902fca37e2bcc2,P1,2021/22,2021-11-27,Famalicao,Portimonense,0-3,-3,1.8/3.25/4.5,1.7/3.4/5,-0.75,2.05,LOSS,-1
m1r2_ff5a70f2554ae084,P1,2021/22,2021-12-29,Guimaraes,Boavista,1-1,0,1.66/3.8/5,1.66/3.8/5,-0.75,1.89,LOSS,-1
m1r2_6d165f9410c4c507,P1,2021/22,2021-12-30,Porto,Benfica,3-1,2,1.85/3.75/4.2,1.75/3.8/4.2,-0.75,2.06,FULL_WIN,1.06
m1r2_51fcae446a8f680b,P1,2021/22,2022-01-02,Vizela,Belenenses,2-0,2,1.9/3.4/4,1.75/3.6/4.75,-0.75,2.03,FULL_WIN,1.03
m1r2_69d7a1051d10ea59,P1,2021/22,2022-01-16,Santa Clara,Tondela,2-2,0,1.83/3.5/4.5,1.75/3.6/5,-0.75,2.05,LOSS,-1
m1r2_a8c3c68c37528fa1,P1,2021/22,2022-02-07,Moreirense,Belenenses,4-1,3,1.9/3.3/4.33,1.8/3.4/5,-0.75,2.06,FULL_WIN,1.06
m1r2_7877ad4669e39452,P1,2021/22,2022-03-13,Sp Braga,Gil Vicente,0-1,-1,1.9/3.5/4,1.72/3.8/4.5,-0.75,1.97,LOSS,-1
m1r2_ec880ff159c6c75c,P1,2021/22,2022-03-20,Gil Vicente,Maritimo,1-1,0,1.75/3.4/5,1.66/3.6/5,-0.75,1.89,LOSS,-1
m1r2_970ceec69a27b148,P1,2021/22,2022-04-08,Gil Vicente,Moreirense,1-2,-1,1.66/3.6/4.5,1.66/3.6/4.5,-0.75,1.97,LOSS,-1
m1r2_67f16dc6a947e904,P1,2021/22,2022-04-15,Guimaraes,Pacos Ferreira,4-0,4,1.75/3.6/4.33,1.7/3.75/5,-0.75,1.96,FULL_WIN,0.96
m1r2_c20cb2f9f7d60f59,P1,2021/22,2022-04-23,Gil Vicente,Pacos Ferreira,1-1,0,1.7/3.6/5,1.72/3.6/4.75,-0.75,2.01,LOSS,-1
m1r2_7e7e74c3041914ee,P1,2021/22,2022-04-29,Famalicao,Estoril,3-1,2,1.75/3.6/4.5,1.65/3.75/5.25,-0.75,1.85,FULL_WIN,0.85
m1r2_2148ec45ad2ccdd4,P1,2021/22,2022-05-01,Guimaraes,Santa Clara,1-1,0,1.9/3.5/4,1.72/3.75/4.75,-0.75,2,LOSS,-1
m1r2_f99d73822e33aed7,P1,2021/22,2022-05-08,Gil Vicente,Tondela,3-0,3,1.83/3.5/4.33,1.75/3.4/4.75,-0.75,2.07,FULL_WIN,1.07
m1r2_0535ec0ea594965b,P1,2021/22,2022-05-08,Vizela,Maritimo,1-1,0,2.1/3.3/3.6,1.72/3.5/5,-0.75,1.95,LOSS,-1
m1r2_94fb33ef9e7fa922,P1,2021/22,2022-05-08,Sp Braga,Arouca,1-0,1,1.66/3.6/5.25,1.66/3.5/5.5,-0.75,1.91,HALF_WIN,0.455
m1r2_7c2577cba088d6b7,P1,2021/22,2022-05-14,Tondela,Boavista,2-2,0,1.72/3.6/5,1.7/3.6/5,-0.75,1.96,LOSS,-1
m1r2_0e39b8e9d0c0b32f,P1,2022/23,2023-02-10,Vizela,Chaves,0-0,0,1.7/3.5/5,1.65/3.6/5.25,-0.75,1.89,LOSS,-1
m1r2_290c10bd0443534f,P1,2022/23,2023-05-08,Famalicao,Chaves,1-2,-1,1.95/3.3/3.75,1.7/3.75/4.33,-0.75,2.03,LOSS,-1
m1r2_201adee93d3a3fe5,P1,2022/23,2023-05-19,Maritimo,Vizela,1-0,1,1.73/3.75/4.5,1.73/3.75/4.5,-0.75,2.02,HALF_WIN,0.51
m1r2_10d27c99d858116b,P1,2022/23,2023-05-20,Santa Clara,Portimonense,1-0,1,2.2/3.2/3,1.7/3.6/4.33,-0.75,1.99,HALF_WIN,0.495
m1r2_27378155db304fe5,P1,2022/23,2023-05-21,Guimaraes,Gil Vicente,1-0,1,1.7/3.6/4.33,1.65/3.8/4.33,-0.75,1.91,HALF_WIN,0.455
m1r2_522cbdb93218d87a,P1,2023/24,2023-08-26,Arouca,Portimonense,1-1,0,1.62/3.8/5.25,1.73/3.6/4.75,-0.75,1.99,LOSS,-1
m1r2_b920be4602ed78a7,P1,2023/24,2023-09-18,Boavista,Chaves,4-1,3,1.7/4/4.5,1.7/3.6/5,-0.75,1.96,FULL_WIN,0.96
m1r2_c8b0ddd2c71471ab,P1,2023/24,2023-09-30,Vizela,Portimonense,2-3,-1,1.75/3.5/4.5,1.7/3.75/4.75,-0.75,1.98,LOSS,-1
m1r2_2904a47bdf018ee7,P1,2023/24,2023-10-01,Guimaraes,Estoril,3-2,1,1.83/3.5/4.33,1.75/3.6/4.5,-0.75,2.07,HALF_WIN,0.535
m1r2_3f9c903fb71f463b,P1,2023/24,2023-10-28,Guimaraes,Chaves,5-0,5,1.6/4/5.5,1.67/3.75/5,-0.75,1.86,FULL_WIN,0.86
m1r2_5cd599745059e28e,P1,2023/24,2023-12-17,Moreirense,Portimonense,5-2,3,1.7/3.6/5,1.67/3.75/5.25,-0.75,1.9,FULL_WIN,0.9
m1r2_92788fc766ae93f9,P1,2023/24,2023-12-23,Guimaraes,Rio Ave,1-0,1,1.67/3.75/4.75,1.7/3.6/5,-0.75,1.99,HALF_WIN,0.495
m1r2_9e07d9a51c9b9fcb,P1,2023/24,2024-01-07,Rio Ave,Portimonense,2-0,2,1.8/3.6/4.33,1.67/3.8/5,-0.75,1.88,FULL_WIN,0.88
m1r2_f1505cfe7787a4a0,P1,2023/24,2024-01-07,Famalicao,Chaves,2-2,0,1.8/3.6/4.5,1.65/3.75/5.75,-0.75,1.88,LOSS,-1
m1r2_4f9f938daaf9719e,P1,2023/24,2024-01-08,Moreirense,Casa Pia,1-4,-3,1.91/3.5/4,1.8/3.2/5,-0.75,2.08,LOSS,-1
m1r2_8a1b3902a3e22501,P1,2023/24,2024-01-14,Porto,Sp Braga,2-0,2,1.73/3.75/4.5,1.75/3.8/4.33,-0.75,2.04,FULL_WIN,1.04
m1r2_2c609c96dbdc5f0b,P1,2023/24,2024-02-24,Guimaraes,Casa Pia,0-2,-2,1.6/3.8/6,1.6/3.8/5.75,-0.75,1.83,LOSS,-1
m1r2_ea4bb9a7d72c478c,P1,2023/24,2024-03-15,Estoril,Portimonense,1-0,1,1.62/3.8/5.75,1.67/3.75/5.25,-0.75,1.88,HALF_WIN,0.44
m1r2_91cdc2081ae7e924,P1,2023/24,2024-03-30,Arouca,Farense,2-1,1,1.75/3.75/4.75,1.73/3.75/5,-0.75,1.99,HALF_WIN,0.495
m1r2_d521b0f355e2dcfd,P1,2023/24,2024-04-06,Famalicao,Vizela,3-2,1,1.8/3.5/4.75,1.8/3.6/4.5,-0.75,2.05,HALF_WIN,0.525
m1r2_83d24149fffc512e,P1,2023/24,2024-04-14,Arouca,Boavista,2-1,1,1.62/4/5.5,1.7/3.8/5,-0.75,1.95,HALF_WIN,0.475
m1r2_17d61f1105183250,P1,2023/24,2024-04-21,Famalicao,Portimonense,2-2,0,1.62/3.8/6,1.62/3.8/5.75,-0.75,1.82,LOSS,-1
m1r2_53fb938fca74e28d,P1,2023/24,2024-04-27,Guimaraes,Boavista,1-0,1,1.6/4/5.5,1.75/3.6/4.75,-0.75,2.04,HALF_WIN,0.52
m1r2_25a32e81e1c9441f,P1,2023/24,2024-05-12,Gil Vicente,Farense,2-0,2,2/3.5/3.6,1.7/4/4.5,-0.75,1.92,FULL_WIN,0.92
m1r2_d9a438ca5a0ce051,P1,2023/24,2024-05-18,Estrela,Gil Vicente,1-0,1,1.67/3.9/4.75,1.67/3.9/4.75,-0.75,1.92,HALF_WIN,0.46
m1r2_0d9f3d60dd5b6327,P1,2024/25,2024-08-25,Sp Braga,Moreirense,3-1,2,1.57/4.33/5.25,1.7/4/4.5,-0.75,1.98,FULL_WIN,0.98
m1r2_a28612ac043587b7,P1,2024/25,2024-08-31,Santa Clara,AVS,2-1,1,1.8/3.4/4.75,1.7/3.25/5.75,-0.75,1.98,HALF_WIN,0.49
m1r2_1a5547401e41c72d,P1,2024/25,2024-09-21,Santa Clara,Estrela,1-0,1,1.75/3.5/5,1.67/3.6/5.5,-0.75,1.95,HALF_WIN,0.475
m1r2_746f6b284440fb3d,P1,2024/25,2024-09-29,Famalicao,Nacional,0-0,0,1.6/3.75/5.75,1.7/3.5/5,-0.75,1.98,LOSS,-1
m1r2_6514eab11785289b,P1,2024/25,2024-11-02,Gil Vicente,Boavista,1-2,-1,1.67/3.6/5.5,1.73/3.6/5,-0.75,2.04,LOSS,-1
m1r2_0c3fab46d2752d2f,P1,2024/25,2024-11-03,Guimaraes,Moreirense,1-0,1,1.7/3.6/5.25,1.8/3.4/4.75,-0.75,2.05,HALF_WIN,0.525
m1r2_5411745751c9bde5,P1,2024/25,2024-12-02,Guimaraes,Gil Vicente,4-0,4,1.67/3.8/5,1.7/3.4/5.25,-0.75,2.02,FULL_WIN,1.02
m1r2_f320f0bd55eda630,P1,2024/25,2024-12-07,Santa Clara,Rio Ave,1-0,1,1.83/3.3/4.75,1.67/3.5/5.5,-0.75,1.88,HALF_WIN,0.44
m1r2_f0ef910c5752f28c,P1,2024/25,2025-01-05,Santa Clara,Farense,0-0,0,1.67/3.4/6,1.67/3.3/6.25,-0.75,1.92,LOSS,-1
m1r2_2bb94ca9f3b10234,P1,2024/25,2025-01-18,Santa Clara,Estoril,2-3,-1,1.7/3.4/5.5,1.65/3.5/5.75,-0.75,1.89,LOSS,-1
m1r2_f40a13430f9778dc,P1,2024/25,2025-01-18,Guimaraes,Arouca,2-2,0,1.55/3.9/6.25,1.7/3.5/5.25,-0.75,1.99,LOSS,-1
m1r2_edfab173b8d86219,P1,2024/25,2025-01-25,Famalicao,Estrela,0-0,0,1.82/3.4/4.33,1.73/3.5/4.75,-0.75,2.03,LOSS,-1
m1r2_7824ad0faba24816,P1,2024/25,2025-01-26,Porto,Santa Clara,1-1,0,1.45/4.1/7.5,1.67/3.6/5.5,-0.75,1.92,LOSS,-1
m1r2_1c8d98a84dad2947,P1,2024/25,2025-02-09,Sp Braga,Gil Vicente,2-0,2,1.55/4.2/5.5,1.65/3.9/4.75,-0.75,1.84,FULL_WIN,0.84
m1r2_fb70b3364a9dcf83,P1,2024/25,2025-03-16,Moreirense,Boavista,1-0,1,1.75/3.3/5.25,1.67/3.3/6,-0.75,1.95,HALF_WIN,0.475
m1r2_421a16cef68ebf3b,P1,2024/25,2025-03-29,Sp Braga,Arouca,2-1,1,1.7/3.75/4.75,1.7/3.7/5,-0.75,1.95,HALF_WIN,0.475
m1r2_dade0e16c61e8891,P1,2024/25,2025-03-30,Famalicao,AVS,4-1,3,1.75/3.4/4.75,1.7/3.6/5,-0.75,1.95,FULL_WIN,0.95
m1r2_4050098472bb3cf7,P1,2024/25,2025-03-30,Santa Clara,Nacional,1-0,1,1.9/3.2/4.33,1.75/3.4/4.75,-0.75,2.07,HALF_WIN,0.535
m1r2_252c5027b65eaaa7,P1,2024/25,2025-04-18,Farense,Boavista,0-1,-1,1.8/3.4/4.75,1.7/3.5/5,-0.75,1.99,LOSS,-1
m1r2_acb400220410260d,P1,2024/25,2025-05-03,Sp Braga,Santa Clara,1-1,0,1.73/3.4/5.25,1.75/3.5/4.75,-0.75,2.05,LOSS,-1
m1r2_82676e0229a93f1d,SC0,2020/21,2020-09-19,Kilmarnock,Hamilton,2-1,1,1.72/3.75/4.75,1.7/3.75/4.75,-0.75,1.98,HALF_WIN,0.49
m1r2_8247490965f8c305,SC0,2020/21,2020-10-24,Motherwell,Ross County,4-0,4,1.75/3.75/4.33,1.66/3.8/5,-0.75,1.9,FULL_WIN,0.9
m1r2_0da275ab89ee735d,SC0,2020/21,2020-12-12,Aberdeen,Ross County,2-0,2,1.5/4/5.5,1.66/3.6/5.25,-0.75,1.98,FULL_WIN,0.98
m1r2_b4d0ecd747d81fcc,SC0,2020/21,2020-12-19,Hibernian,Dundee United,1-1,0,1.55/4/6,1.66/3.8/5,-0.75,1.9,LOSS,-1
m1r2_f809c5ff28fdff6e,SC0,2020/21,2021-01-10,Livingston,Ross County,3-1,2,1.5/4/6.5,1.61/3.75/5.75,-0.75,1.9,FULL_WIN,0.9
m1r2_895fda9783ef7c78,SC0,2020/21,2021-01-16,Celtic,Livingston,0-0,0,1.65/4/4.33,1.72/3.75/4.75,-0.75,2,LOSS,-1
m1r2_fec234389b27c855,SC0,2020/21,2021-02-17,St Mirren,Hamilton,1-1,0,1.55/3.8/6.5,1.7/3.5/5.25,-0.75,1.95,LOSS,-1
m1r2_24b6cb77b08db789,SC0,2020/21,2021-02-27,Hibernian,Motherwell,0-2,-2,1.7/3.6/5,1.57/3.75/6.5,-0.75,1.8,LOSS,-1
m1r2_6fe7fd3885fb9f5f,SC0,2020/21,2021-03-13,Livingston,Hamilton,2-1,1,1.57/3.8/5,1.75/3.5/4.75,-0.75,2,HALF_WIN,0.5
m1r2_631c986ad02bcaf7,SC0,2020/21,2021-03-20,St Johnstone,Ross County,1-0,1,1.65/3.75/5.5,1.61/3.75/5.75,-0.75,1.77,HALF_WIN,0.385
m1r2_699acd35d921eb74,SC0,2020/21,2021-04-21,Hibernian,Livingston,2-1,1,1.9/3.4/4,1.75/3.5/4.75,-0.75,2.05,HALF_WIN,0.525
m1r2_f0822f1317278c6c,SC0,2020/21,2021-04-21,Kilmarnock,Dundee United,3-0,3,2.15/3.2/3.5,1.65/3.8/5,-0.75,1.93,FULL_WIN,0.93
m1r2_edb0aeec87bed2b8,SC0,2021/22,2021-08-01,Aberdeen,Dundee United,2-0,2,1.7/3.5/5.25,1.7/3.5/5.5,-0.75,2,FULL_WIN,1
m1r2_32e5a0d77de93180,SC0,2021/22,2021-08-28,Hibernian,Livingston,2-0,2,1.72/3.5/5,1.65/3.6/5.5,-0.75,1.93,FULL_WIN,0.93
m1r2_831e4361247eac38,SC0,2021/22,2021-09-18,Hibernian,St Mirren,2-2,0,1.57/4/6,1.66/3.5/5.25,-0.75,1.9,LOSS,-1
m1r2_2e13a10bb3001bbf,SC0,2021/22,2021-09-25,Motherwell,Ross County,2-1,1,1.72/3.75/4.75,1.75/3.5/4.75,-0.75,2.1,HALF_WIN,0.55
m1r2_f36a7947529b6652,SC0,2021/22,2021-10-16,Hibernian,Dundee United,0-3,-3,1.66/3.8/5,1.61/4/5.25,-0.75,1.8,LOSS,-1
m1r2_071330a72763bc5f,SC0,2021/22,2021-11-06,Hearts,Dundee United,5-2,3,1.72/3.5/5.5,1.72/3.5/5.5,-0.75,1.93,FULL_WIN,0.93
m1r2_f79ab00a0984c645,SC0,2021/22,2021-11-27,Hearts,St Mirren,2-0,2,1.72/3.75/5,1.72/3.8/4.75,-0.75,1.95,FULL_WIN,0.95
m1r2_24c5099c01acdcfe,SC0,2021/22,2021-12-01,Aberdeen,Livingston,2-0,2,1.75/3.5/5,1.75/3.3/5.5,-0.75,2.05,FULL_WIN,1.05
m1r2_67f2bc61691eef0e,SC0,2021/22,2021-12-04,Hibernian,Motherwell,1-1,0,1.75/3.8/4.33,1.61/4/5.25,-0.75,1.83,LOSS,-1
m1r2_7710404bfdf40bee,SC0,2021/22,2021-12-14,Hibernian,Dundee,1-0,1,1.7/3.8/4.75,1.66/4/5,-0.75,1.88,HALF_WIN,0.44
m1r2_b2d86e1527d114f9,SC0,2021/22,2021-12-26,Hearts,Ross County,2-1,1,1.61/4.2/5,1.6/4/5.75,-0.75,1.77,HALF_WIN,0.385
m1r2_7484a566009aefa2,SC0,2021/22,2022-01-18,Hearts,St Johnstone,2-0,2,1.57/3.8/6.5,1.6/3.8/6.5,-0.75,1.8,FULL_WIN,0.8
m1r2_3adce23508b4ab3d,SC0,2021/22,2022-01-29,Hearts,Motherwell,2-0,2,1.66/3.8/5.25,1.57/4/6,-0.75,1.7,FULL_WIN,0.7
m1r2_b38d89c2ac226e74,SC0,2021/22,2022-02-19,Hibernian,Ross County,2-0,2,1.83/3.6/4.5,1.75/3.75/4.5,-0.75,2.05,FULL_WIN,1.05
m1r2_320d9c0a7fbff573,SC0,2021/22,2022-04-09,Aberdeen,Ross County,0-1,-1,1.8/3.5/5,1.7/3.5/5.5,-0.75,1.93,LOSS,-1
m1r2_da318ae64cc13f70,SC0,2021/22,2022-04-30,Hearts,Ross County,0-0,0,1.65/3.8/5.5,1.65/4/5.5,-0.75,1.85,LOSS,-1
m1r2_a9437df42378f1c9,SC0,2021/22,2022-05-15,Hibernian,St Johnstone,4-0,4,1.9/3.25/4.5,1.65/3.6/6,-0.75,1.83,FULL_WIN,0.83
m1r2_3205000ac922f0c5,SC0,2022/23,2022-08-06,Aberdeen,St Mirren,4-1,3,1.95/3.3/4,1.8/3.4/4.75,-0.75,2.08,FULL_WIN,1.08
m1r2_84aa3af050c96743,SC0,2022/23,2022-08-13,Aberdeen,Motherwell,2-3,-1,1.8/3.5/4.75,1.7/3.6/5.5,-0.75,1.88,LOSS,-1
m1r2_a9d977fc506c2003,SC0,2022/23,2022-09-03,Celtic,Rangers,4-0,4,1.85/3.75/4,1.75/3.8/4.5,-0.75,2.02,FULL_WIN,1.02
m1r2_0a51be0650e0d358,SC0,2022/23,2022-09-03,Hibernian,Kilmarnock,1-0,1,1.7/3.6/5.25,1.65/3.75/5.75,-0.75,1.83,HALF_WIN,0.415
m1r2_2e4e3635cb8cca99,SC0,2022/23,2022-10-01,Aberdeen,Kilmarnock,4-1,3,1.66/3.6/5.75,1.66/3.75/5.25,-0.75,1.95,FULL_WIN,0.95
m1r2_7f9e2d56637b0306,SC0,2022/23,2022-10-08,Hibernian,Motherwell,1-0,1,1.75/3.6/4.75,1.72/3.8/4.5,-0.75,1.95,HALF_WIN,0.475
m1r2_162acf065fbc5b56,SC0,2022/23,2022-11-12,Aberdeen,Dundee United,1-0,1,1.72/3.6/5,1.75/3.8/4.75,-0.75,2.02,HALF_WIN,0.51
m1r2_5aee269c4b709fc0,SC0,2022/23,2022-12-17,Hearts,Kilmarnock,3-1,2,1.8/3.6/4.75,1.62/4/5.5,-0.75,1.8,FULL_WIN,0.8
m1r2_967f73af89515006,SC0,2022/23,2022-12-24,Hibernian,Livingston,4-0,4,1.8/3.6/4.5,1.67/4/4.8,-0.75,1.9,FULL_WIN,0.9
m1r2_d5cd14bc9d5155ba,SC0,2022/23,2023-01-07,Aberdeen,St Johnstone,2-0,2,1.67/3.6/5.25,1.62/3.6/5.5,-0.75,1.85,FULL_WIN,0.85
m1r2_e88bebf432af5cae,SC0,2022/23,2023-01-13,Hearts,St Mirren,1-0,1,1.83/3.5/4.5,1.73/3.75/4.75,-0.75,1.95,HALF_WIN,0.475
m1r2_890772f2ede4993e,SC0,2022/23,2023-01-14,Hibernian,Dundee United,2-2,0,1.7/3.75/5,1.73/3.6/4.75,-0.75,1.95,LOSS,-1
m1r2_0ed3802a7a04fe6c,SC0,2022/23,2023-01-14,Motherwell,Ross County,1-1,0,1.75/3.6/4.5,1.7/3.6/5,-0.75,1.95,LOSS,-1
m1r2_9d4f5fde446dbaca,SC0,2022/23,2023-02-04,Hearts,Dundee United,3-1,2,1.7/3.75/5.25,1.7/3.75/5,-0.75,1.88,FULL_WIN,0.88
m1r2_8986c02040bdda80,SC0,2022/23,2023-03-04,Hearts,St Johnstone,3-0,3,1.7/3.75/5,1.67/3.75/5.25,-0.75,1.83,FULL_WIN,0.83
m1r2_7699b6f70bb99546,SC0,2022/23,2023-04-08,Celtic,Rangers,3-2,1,1.7/4/4.75,1.65/4.2/5,-0.75,1.8,HALF_WIN,0.4
m1r2_33318141ab7d6a08,SC0,2022/23,2023-04-22,Hearts,Ross County,6-1,5,1.7/3.8/5,1.75/3.8/4.75,-0.75,1.98,FULL_WIN,0.98
m1r2_ebba8b8288537a68,SC0,2022/23,2023-05-28,Motherwell,Dundee United,3-2,1,1.91/3.75/3.8,1.75/4/4.33,-0.75,1.98,HALF_WIN,0.49
m1r2_f2a2b09916be28d2,SC0,2023/24,2023-08-26,Hibernian,Livingston,2-3,-1,1.83/3.75/4.2,1.8/3.75/4.5,-0.75,2.05,LOSS,-1
m1r2_e329fd15ad12a9ff,SC0,2023/24,2023-09-03,Hearts,Motherwell,0-1,-1,2/3.5/3.75,1.75/3.75/4.75,-0.75,1.95,LOSS,-1
m1r2_6f83d9e050a8bf68,SC0,2023/24,2023-09-30,Hibernian,Dundee,0-0,0,1.73/3.75/4.75,1.62/4/5.25,-0.75,1.8,LOSS,-1
m1r2_eff44a9bbf4408c5,SC0,2023/24,2023-10-28,St Mirren,St Johnstone,4-0,4,1.57/3.8/7,1.73/3.4/5.5,-0.75,2,FULL_WIN,1
m1r2_021d932421ed3b87,SC0,2023/24,2023-10-31,Hibernian,Ross County,2-2,0,1.57/4.33/5.5,1.73/4/4.5,-0.75,1.93,LOSS,-1
m1r2_5800dc6686f92318,SC0,2023/24,2023-12-20,Aberdeen,Livingston,2-1,1,1.7/4.33/4.33,1.6/4/5.5,-0.75,1.78,HALF_WIN,0.39
m1r2_373261ea30096004,SC0,2023/24,2023-12-23,Kilmarnock,St Johnstone,2-1,1,1.73/3.6/5.25,1.65/3.8/5.75,-0.75,1.83,HALF_WIN,0.415
m1r2_d221131c255b27f8,SC0,2023/24,2023-12-30,Aberdeen,St Mirren,0-3,-3,1.91/3.5/4,1.8/3.5/5,-0.75,2,LOSS,-1
m1r2_81f0fb39eb38f56c,SC0,2023/24,2023-12-30,Hearts,Ross County,2-2,0,1.7/3.8/5,1.62/4/5.25,-0.75,1.8,LOSS,-1
m1r2_db58939fc70f9756,SC0,2023/24,2023-12-30,Kilmarnock,Dundee,2-2,0,1.83/3.6/4.5,1.73/3.75/4.75,-0.75,1.93,LOSS,-1
m1r2_942686f96ed1d5b7,SC0,2023/24,2024-01-23,Hearts,Dundee,3-2,1,1.73/3.75/5,1.73/3.75/4.75,-0.75,1.98,HALF_WIN,0.49
m1r2_40ceb51c31f312f7,SC0,2023/24,2024-02-07,Kilmarnock,Livingston,1-0,1,1.6/4.2/5.5,1.55/3.8/6.5,-0.75,1.73,HALF_WIN,0.365
m1r2_b2522cb3c2e9bc1e,SC0,2023/24,2024-02-17,Dundee,Ross County,2-0,2,1.75/4/4.33,1.62/4.5/4.75,-0.75,1.75,FULL_WIN,0.75
m1r2_32e402a51bcefdfc,SC0,2023/24,2024-02-17,Hearts,Motherwell,2-0,2,1.73/3.7/5,1.7/3.75/5,-0.75,1.88,FULL_WIN,0.88
m1r2_b08332ab14818ad5,SC0,2023/24,2024-02-28,Aberdeen,St Johnstone,0-2,-2,1.62/3.75/6,1.67/3.4/6,-0.75,1.88,LOSS,-1
m1r2_abad03d8a56f1243,SC0,2023/24,2024-05-04,Aberdeen,St Johnstone,1-0,1,1.67/3.6/5.5,1.67/3.6/5.5,-0.75,1.85,HALF_WIN,0.425
m1r2_88937c84ed060571,SC0,2023/24,2024-05-04,Motherwell,Livingston,4-1,3,1.65/4/5,1.67/4/5,-0.75,1.88,FULL_WIN,0.88
m1r2_6ff5a00e251fa12e,SC0,2023/24,2024-05-11,Hearts,Dundee,3-0,3,1.67/4/4.75,1.57/4.33/5,-0.75,1.75,FULL_WIN,0.75
m1r2_029675c36c76dbc1,SC0,2024/25,2024-08-11,Aberdeen,St Mirren,3-1,2,1.95/3.5/3.75,1.7/3.75/5,-0.75,2.05,FULL_WIN,1.05
m1r2_4038a65111cbb670,SC0,2024/25,2024-08-11,Kilmarnock,St Johnstone,0-3,-3,1.73/3.75/4.5,1.57/4.2/5,-0.75,1.73,LOSS,-1
m1r2_3d1589b2d54996de,SC0,2024/25,2024-08-24,Dundee United,St Johnstone,2-0,2,1.9/3.7/3.75,1.75/3.9/4.2,-0.75,2,FULL_WIN,1
m1r2_166ddad15cc9e89f,SC0,2024/25,2024-08-25,Aberdeen,Kilmarnock,2-0,2,1.73/3.5/5.25,1.75/3.4/5.25,-0.75,2.03,FULL_WIN,1.03
m1r2_2f5457538debda3a,SC0,2024/25,2024-09-01,Celtic,Rangers,3-0,3,1.62/4.2/5,1.67/3.9/4.75,-0.75,1.83,FULL_WIN,0.83
m1r2_50792c6c6e03fe77,SC0,2024/25,2024-09-14,Aberdeen,Motherwell,2-1,1,1.67/3.75/5,1.67/3.75/5,-0.75,1.85,HALF_WIN,0.425
m1r2_04c05ba29bd90e10,SC0,2024/25,2024-10-05,Hibernian,Motherwell,1-2,-1,2/3.5/3.6,1.8/3.6/4.33,-0.75,2.05,LOSS,-1
m1r2_f3b501486853247c,SC0,2024/25,2024-10-19,Hearts,St Mirren,4-0,4,1.8/3.75/4.2,1.75/3.75/4.33,-0.75,2,FULL_WIN,1
m1r2_c3a1658a0116b69c,SC0,2024/25,2024-10-26,Dundee,St Johnstone,1-2,-1,1.67/3.75/5,1.75/3.6/4.5,-0.75,2.03,LOSS,-1
m1r2_a50c6d8809ffff0b,SC0,2024/25,2024-10-26,Aberdeen,Dundee United,1-0,1,1.65/3.9/5,1.75/3.7/4.5,-0.75,2.03,HALF_WIN,0.515
m1r2_d474dc337999c6c1,SC0,2024/25,2024-10-30,Hearts,Kilmarnock,1-2,-1,1.91/3.6/3.8,1.75/3.6/4.5,-0.75,2.03,LOSS,-1
m1r2_ecf8eae13517446c,SC0,2024/25,2024-11-02,St Mirren,Ross County,0-0,0,1.91/3.25/4.2,1.7/3.5/5.5,-0.75,1.93,LOSS,-1
m1r2_76852d7b01d8f3f7,SC0,2024/25,2024-11-03,Hibernian,Dundee United,1-1,0,1.91/3.5/4,1.8/3.6/4.5,-0.75,2.03,LOSS,-1
m1r2_33824894165fbb56,SC0,2024/25,2024-11-09,Dundee United,Ross County,3-0,3,1.7/3.6/5,1.8/3.4/4.75,-0.75,2.05,FULL_WIN,1.05
m1r2_74d8245e1cffa8d7,SC0,2024/25,2024-11-09,Hibernian,St Mirren,1-2,-1,1.85/3.4/4.5,1.75/3.5/5,-0.75,2.03,LOSS,-1
m1r2_e2a93791168ef0a3,SC0,2024/25,2024-12-22,Hearts,St Johnstone,2-1,1,1.55/4.2/5.5,1.62/3.9/5.25,-0.75,1.83,HALF_WIN,0.415
m1r2_0e8c4c6af785ef42,SC0,2024/25,2024-12-26,Dundee,Ross County,0-3,-3,1.85/3.6/4.1,1.75/3.6/4.5,-0.75,2.03,LOSS,-1
m1r2_4d7b423d0ff82533,SC0,2024/25,2025-01-02,Aberdeen,Ross County,1-2,-1,1.53/4/6,1.67/3.75/5,-0.75,1.88,LOSS,-1
m1r2_fdfca29ca8c9b637,SC0,2024/25,2025-01-02,Hearts,Motherwell,1-0,1,1.8/3.6/4.33,1.67/3.75/5,-0.75,1.9,HALF_WIN,0.45
m1r2_337cd51364d61e3f,SC0,2024/25,2025-01-05,Kilmarnock,Ross County,0-1,-1,1.67/4/4.75,1.57/3.9/6,-0.75,1.7,LOSS,-1
m1r2_c17f5c1e28a1b16d,SC0,2024/25,2025-02-01,Hibernian,Aberdeen,2-0,2,1.8/3.7/4.33,1.75/3.6/4.5,-0.75,2.03,FULL_WIN,1.03
m1r2_c1c5ec855be19777,SC0,2024/25,2025-02-22,Dundee United,Motherwell,1-0,1,1.7/3.6/5,1.7/3.6/5,-0.75,1.93,HALF_WIN,0.465
m1r2_6caf9c51a882c64d,SC0,2024/25,2025-02-26,Hearts,St Mirren,3-1,2,1.8/3.75/4.2,1.8/3.75/4.2,-0.75,2.03,FULL_WIN,1.03
m1r2_7398cd984996df98,SC0,2024/25,2025-03-16,Celtic,Rangers,2-3,-1,1.62/4.33/4.5,1.61/4.33/4.5,-0.75,1.83,LOSS,-1
m1r2_4ef8b1c1ff343987,SC0,2024/25,2025-03-29,Aberdeen,Motherwell,4-1,3,1.65/3.8/5.25,1.67/3.75/5.25,-0.75,1.88,FULL_WIN,0.88
m1r2_07709648e49ce2f9,SC0,2024/25,2025-03-29,Hibernian,St Johnstone,3-0,3,1.67/3.8/5,1.62/3.9/5.5,-0.75,1.8,FULL_WIN,0.8
m1r2_92397de78ac77f0b,SC0,2024/25,2025-04-05,Kilmarnock,Motherwell,2-0,2,1.75/3.5/4.75,1.75/3.6/4.5,-0.75,2,FULL_WIN,1
m1r2_6889ac0fd6ef9224,SC0,2024/25,2025-04-06,Hearts,Dundee United,0-1,-1,1.7/4/4.5,1.67/4/4.75,-0.75,1.85,LOSS,-1
m1r2_8788ff1d8463f89f,SC0,2024/25,2025-05-03,Hibernian,Dundee United,3-1,2,1.75/3.8/4.33,1.67/4/4.5,-0.75,1.88,FULL_WIN,0.88
m1r2_35900d9fbbf814be,SC0,2024/25,2025-05-14,Hearts,St Johnstone,2-1,1,1.67/3.8/5,1.65/3.75/5.25,-0.75,1.83,HALF_WIN,0.415
m1r2_42e40e195adcf77b,T1,2020/21,2020-09-19,Besiktas,Antalyaspor,1-1,0,1.6/4.2/5,1.66/4.2/4.33,-0.75,1.95,LOSS,-1
m1r2_28b41bc27df1dfcf,T1,2020/21,2020-09-21,Fenerbahce,Hatayspor,0-0,0,1.44/4.5/6.5,1.75/3.8/4.33,-0.75,2,LOSS,-1
m1r2_d0790fc1bc9c3e1e,T1,2020/21,2020-10-25,Fenerbahce,Trabzonspor,3-1,2,1.75/3.8/4.2,1.65/3.8/5.25,-0.75,1.83,FULL_WIN,0.83
m1r2_7a23e68bed73bd93,T1,2020/21,2020-11-01,Rizespor,Kayserispor,1-0,1,2/3/4.2,1.7/3.6/5,-0.75,1.93,HALF_WIN,0.465
m1r2_5a955a75a4135c59,T1,2020/21,2020-11-01,Besiktas,Yeni Malatyaspor,1-0,1,1.65/4/4.75,1.65/4/4.75,-0.75,1.9,HALF_WIN,0.45
m1r2_7ddc0fcf75b90010,T1,2020/21,2020-11-07,Kasimpasa,Antalyaspor,2-2,0,1.8/3.6/3.75,1.7/3.8/4,-0.75,2,LOSS,-1
m1r2_f412ba92d6b7cfe1,T1,2020/21,2020-11-07,Alanyaspor,Trabzonspor,1-1,0,1.72/3.8/4.5,1.6/4.2/5,-0.75,1.83,LOSS,-1
m1r2_19c022ffde809fae,T1,2020/21,2020-12-04,Besiktas,Kasimpasa,3-0,3,1.75/4/4,1.7/4.2/4.33,-0.75,1.93,FULL_WIN,0.93
m1r2_5cc1eda680d9c072,T1,2020/21,2020-12-05,Galatasaray,Hatayspor,3-0,3,1.45/4.5/6.5,1.6/4.2/5,-0.75,1.88,FULL_WIN,0.88
m1r2_35eb6d85703d3190,T1,2020/21,2020-12-23,Alanyaspor,Yeni Malatyaspor,1-1,0,1.57/4/5.5,1.7/3.8/4.75,-0.75,2,LOSS,-1
m1r2_fc23a2ad31d979b6,T1,2020/21,2020-12-27,Buyuksehyr,Kasimpasa,2-2,0,1.53/4/5.75,1.66/4.33/4.2,-0.75,1.93,LOSS,-1
m1r2_9e872a8aa199f85f,T1,2020/21,2021-01-06,Trabzonspor,Goztep,1-0,1,1.85/3.6/4,1.72/3.75/4.75,-0.75,1.95,HALF_WIN,0.475
m1r2_10ec17e48b6bc5c6,T1,2020/21,2021-01-19,Goztep,Genclerbirligi,4-0,4,1.72/3.75/4.5,1.7/3.75/4.75,-0.75,2,FULL_WIN,1
m1r2_e357fae1a6ca2f1e,T1,2020/21,2021-01-19,Trabzonspor,Konyaspor,3-1,2,1.75/3.5/4,1.75/3.5/4.75,-0.75,1.98,FULL_WIN,0.98
m1r2_6bffc44fe6027430,T1,2020/21,2021-02-02,Galatasaray,Buyuksehyr,3-0,3,1.65/4.1/4.6,1.65/4/4.75,-0.75,1.88,FULL_WIN,0.88
m1r2_13bd6c1179215e11,T1,2020/21,2021-02-03,Konyaspor,Genclerbirligi,0-0,0,1.75/3.7/4.5,1.66/3.75/4.75,-0.75,1.93,LOSS,-1
m1r2_174ea4da8489fb66,T1,2020/21,2021-02-06,Alanyaspor,Rizespor,2-1,1,1.55/4/5,1.57/4/4.75,-0.75,1.8,HALF_WIN,0.4
m1r2_5dc8c04d5dac4498,T1,2020/21,2021-02-13,Trabzonspor,Gaziantep,1-0,1,1.57/4/5.75,1.65/4/5,-0.75,1.85,HALF_WIN,0.425
m1r2_3a578d5ca1138bcd,T1,2020/21,2021-02-27,Hatayspor,Ankaragucu,4-1,3,1.8/3.4/4,1.61/3.6/5,-0.75,1.88,FULL_WIN,0.88
m1r2_8c196b81627f888e,T1,2020/21,2021-03-02,Gaziantep,Genclerbirligi,2-1,1,1.7/3.75/4.75,1.66/3.75/5,-0.75,1.88,HALF_WIN,0.44
m1r2_50923aa9da0bd027,T1,2020/21,2021-03-04,Fenerbahce,Antalyaspor,1-1,0,1.4/4.5/6.5,1.65/3.75/5.25,-0.75,1.93,LOSS,-1
m1r2_7ff5efac3cfce6a0,T1,2020/21,2021-03-07,Karagumruk,Ankaragucu,0-1,-1,1.75/3.6/4.75,1.75/3.6/4.75,-0.75,2.02,LOSS,-1
m1r2_de981e03c4dd1a7c,T1,2020/21,2021-03-07,Galatasaray,Sivasspor,2-2,0,1.65/3.75/5.25,1.65/3.75/5.5,-0.75,1.83,LOSS,-1
m1r2_7bd62687f44bb9a0,T1,2020/21,2021-03-13,Alanyaspor,Antalyaspor,4-0,4,1.65/3.6/4.5,1.7/3.6/4.33,-0.75,2.02,FULL_WIN,1.02
m1r2_c1098e78f40ba21a,T1,2020/21,2021-03-19,Karagumruk,Kayserispor,3-0,3,1.65/4/4.75,1.7/4/4.5,-0.75,2,FULL_WIN,1
m1r2_bce75b46c408cb6e,T1,2020/21,2021-04-04,Buyuksehyr,Yeni Malatyaspor,3-1,2,1.75/3.75/4.5,1.7/3.8/4.75,-0.75,2,FULL_WIN,1
m1r2_d36d4946887f46b3,T1,2020/21,2021-04-06,Trabzonspor,Kayserispor,1-1,0,1.65/3.75/5.25,1.6/3.75/5.75,-0.75,1.83,LOSS,-1
m1r2_a145a241fa03a13a,T1,2020/21,2021-04-07,Besiktas,Alanyaspor,3-0,3,1.75/3.75/4.33,1.65/4/4.75,-0.75,1.95,FULL_WIN,0.95
m1r2_f40b181e4ef789db,T1,2020/21,2021-04-10,Galatasaray,Karagumruk,1-1,0,1.5/4.2/6,1.65/4/4.75,-0.75,1.88,LOSS,-1
m1r2_697e662578fa4649,T1,2020/21,2021-04-20,Hatayspor,Antalyaspor,3-2,1,1.75/3.5/4.75,1.75/3.5/4.75,-0.75,2.02,HALF_WIN,0.51
m1r2_7f3df4ef66c31966,T1,2020/21,2021-04-21,Ankaragucu,Denizlispor,1-1,0,1.65/3.6/5,1.72/3.75/4.5,-0.75,1.95,LOSS,-1
m1r2_d5d5853432248415,T1,2020/21,2021-04-22,Alanyaspor,Gaziantep,3-2,1,1.65/3.8/5,1.7/3.8/4.5,-0.75,2,HALF_WIN,0.5
m1r2_daec2986f4e39bcb,T1,2020/21,2021-05-15,Trabzonspor,Genclerbirligi,2-1,1,1.9/4/3.25,1.72/4.5/3.8,-0.75,1.9,HALF_WIN,0.45
m1r2_1ee93c4ad188a867,T1,2021/22,2021-08-14,Altay,Kayserispor,3-0,3,2.5/3.3/2.55,1.7/4/4.75,-0.75,1.95,FULL_WIN,0.95
m1r2_f016a40e517648b1,T1,2021/22,2021-08-22,Fenerbahce,Antalyaspor,2-0,2,1.5/4.33/5,1.65/4/5,-0.75,1.9,FULL_WIN,0.9
m1r2_1ea42e2fe3cfe5d9,T1,2021/22,2021-09-18,Ad. Demirspor,Rizespor,3-1,2,1.83/3.5/4,1.6/4/5.25,-0.75,1.8,FULL_WIN,0.8
m1r2_595d51948c4bcd18,T1,2021/22,2021-09-19,Hatayspor,Kayserispor,2-1,1,1.9/3.6/3.8,1.7/4/4.5,-0.75,2,HALF_WIN,0.5
m1r2_a2b57d8a0d57899a,T1,2021/22,2021-09-26,Buyuksehyr,Rizespor,3-0,3,1.66/3.8/5.25,1.57/3.8/5.75,-0.75,1.75,FULL_WIN,0.75
m1r2_a1a5e43592434b2a,T1,2021/22,2021-09-27,Trabzonspor,Alanyaspor,1-1,0,1.53/4/5.25,1.72/3.75/4.5,-0.75,1.98,LOSS,-1
m1r2_85696823eb33145a,T1,2021/22,2021-10-23,Konyaspor,Kayserispor,2-0,2,1.72/3.6/4.5,1.61/3.75/5.25,-0.75,1.83,FULL_WIN,0.83
m1r2_e935835ba979487b,T1,2021/22,2021-11-20,Giresunspor,Yeni Malatyaspor,1-0,1,1.75/3.5/4.75,1.7/3.6/5,-0.75,1.95,HALF_WIN,0.475
m1r2_5f0c372e07aa7495,T1,2021/22,2021-11-22,Trabzonspor,Gaziantep,3-0,3,1.5/4.2/5.75,1.65/3.75/5.25,-0.75,1.88,FULL_WIN,0.88
m1r2_f30b57f6ccc0513b,T1,2021/22,2021-11-26,Ad. Demirspor,Kasimpasa,0-0,0,1.75/3.8/4.33,1.72/3.75/4.75,-0.75,1.95,LOSS,-1
m1r2_64ab1d8e0c28426c,T1,2021/22,2021-11-26,Buyuksehyr,Altay,0-0,0,1.65/3.75/5.25,1.6/4/5.25,-0.75,1.8,LOSS,-1
m1r2_ffc17ce8082b427f,T1,2021/22,2021-11-27,Besiktas,Giresunspor,0-4,-4,1.5/4.2/6.5,1.65/4/4.75,-0.75,1.9,LOSS,-1
m1r2_75afb29ecc221351,T1,2021/22,2021-12-06,Konyaspor,Yeni Malatyaspor,0-0,0,1.7/3.6/4.75,1.66/3.5/5.25,-0.75,1.95,LOSS,-1
m1r2_c75ce770d36f2046,T1,2021/22,2021-12-11,Buyuksehyr,Kasimpasa,2-1,1,1.61/4/5,1.72/3.6/4.75,-0.75,1.95,HALF_WIN,0.475
m1r2_59f0833c693d7eeb,T1,2021/22,2021-12-18,Trabzonspor,Hatayspor,2-0,2,1.75/3.75/4.33,1.7/3.8/4.5,-0.75,1.93,FULL_WIN,0.93
m1r2_c2a2536e29c294b7,T1,2021/22,2021-12-25,Galatasaray,Antalyaspor,2-0,2,1.6/3.8/5,1.66/3.6/5,-0.75,1.93,FULL_WIN,0.93
m1r2_8dba824f9be63d2d,T1,2021/22,2022-01-10,Fenerbahce,Ad. Demirspor,1-2,-1,1.83/3.75/4.2,1.66/3.8/5,-0.75,1.88,LOSS,-1
m1r2_607d935f2738fd67,T1,2021/22,2022-01-19,Trabzonspor,Giresunspor,1-1,0,1.61/4/5.25,1.75/3.4/5,-0.75,2.02,LOSS,-1
m1r2_b4c1a339a49fd8c9,T1,2021/22,2022-01-22,Ad. Demirspor,Karagumruk,5-0,5,1.9/3.4/4,1.72/3.75/4.75,-0.75,1.98,FULL_WIN,0.98
m1r2_660629a27397677d,T1,2021/22,2022-01-23,Hatayspor,Rizespor,0-0,0,1.8/3.6/4.5,1.83/3.6/4.2,-0.75,2.1,LOSS,-1
m1r2_81b92b46b6e0eaa9,T1,2021/22,2022-02-05,Karagumruk,Yeni Malatyaspor,1-0,1,1.8/3.4/4.2,1.7/3.5/5.25,-0.75,1.93,HALF_WIN,0.465
m1r2_ff9d45be1bf8c647,T1,2021/22,2022-02-05,Trabzonspor,Kasimpasa,1-0,1,1.75/3.4/4.33,1.7/3.5/4.5,-0.75,1.93,HALF_WIN,0.465
m1r2_62082930f4e91e89,T1,2021/22,2022-02-06,Goztep,Altay,0-2,-2,1.8/3.5/4,1.66/3.75/4.75,-0.75,1.88,LOSS,-1
m1r2_551033c53e0dc5f3,T1,2021/22,2022-02-12,Buyuksehyr,Gaziantep,2-0,2,1.75/3.5/4.2,1.7/3.6/4.5,-0.75,1.95,FULL_WIN,0.95
m1r2_8069dd4181d1a15b,T1,2021/22,2022-02-12,Galatasaray,Kayserispor,1-1,0,1.72/3.6/4.5,1.53/4/5.75,-0.75,1.65,LOSS,-1
m1r2_aa4051527680d7f2,T1,2021/22,2022-02-13,Sivasspor,Yeni Malatyaspor,2-1,1,1.61/3.8/5,1.6/3.6/6,-0.75,1.83,HALF_WIN,0.415
m1r2_68303704003c5507,T1,2021/22,2022-02-23,Gaziantep,Yeni Malatyaspor,0-0,0,1.7/3.8/4.5,1.66/3.8/5,-0.75,1.9,LOSS,-1
m1r2_d301306c80b2bd07,T1,2021/22,2022-02-26,Buyuksehyr,Karagumruk,1-2,-1,1.66/3.6/4.5,1.65/4/5,-0.75,1.83,LOSS,-1
m1r2_46d7cb7c39f10152,T1,2021/22,2022-02-27,Hatayspor,Yeni Malatyaspor,5-2,3,1.65/3.75/4.5,1.6/3.75/5,-0.75,1.83,FULL_WIN,0.83
m1r2_6854b10d97caff48,T1,2021/22,2022-03-12,Trabzonspor,Goztep,4-2,2,1.57/3.75/5,1.65/3.75/4.2,-0.75,1.88,FULL_WIN,0.88
m1r2_820c51f2227cc9a9,T1,2021/22,2022-03-20,Sivasspor,Altay,2-1,1,1.8/3.5/4.33,1.8/3.3/4.75,-0.75,2.02,HALF_WIN,0.51
m1r2_1bbb219b87671e4a,T1,2021/22,2022-04-03,Konyaspor,Goztep,3-0,3,1.8/3.5/3.6,1.7/3.75/4,-0.75,2.02,FULL_WIN,1.02
m1r2_ff32c9c28c5130b7,T1,2021/22,2022-04-09,Besiktas,Alanyaspor,4-1,3,1.8/3.6/4,1.66/3.8/4.5,-0.75,1.88,FULL_WIN,0.88
m1r2_4a59dff17a5d1012,T1,2021/22,2022-04-23,Gaziantep,Goztep,1-1,0,1.8/3.6/4.2,1.7/3.8/4.5,-0.75,1.88,LOSS,-1
m1r2_65920714d98824ab,T1,2021/22,2022-04-25,Besiktas,Kasimpasa,0-3,-3,1.72/4/4,1.8/4/4,-0.75,2.02,LOSS,-1
m1r2_1b77f8160d4d8fa1,T1,2021/22,2022-04-30,Konyaspor,Karagumruk,1-2,-1,1.66/3.6/4.5,1.57/3.8/5,-0.75,1.75,LOSS,-1
m1r2_025b2b3f53475d40,T1,2021/22,2022-04-30,Hatayspor,Altay,0-1,-1,1.75/3.5/4.2,1.57/3.8/5,-0.75,1.77,LOSS,-1
m1r2_f45da522cd62e72e,T1,2021/22,2022-04-30,Trabzonspor,Antalyaspor,2-2,0,1.75/3.5/4.33,1.66/3.6/4.5,-0.75,1.93,LOSS,-1
m1r2_095d9f4cb0addd9c,T1,2021/22,2022-05-06,Gaziantep,Kayserispor,1-1,0,1.72/3.6/3.8,1.65/3.8/4.2,-0.75,1.88,LOSS,-1
m1r2_e810168ab0302f41,T1,2021/22,2022-05-15,Fenerbahce,Karagumruk,0-0,0,1.5/4.5/5.5,1.66/4.2/4,-0.75,1.88,LOSS,-1
m1r2_f1a8c9ca7342300d,T1,2021/22,2022-05-20,Gaziantep,Rizespor,2-0,2,1.8/3.8/4,1.75/4/4.2,-0.75,2,FULL_WIN,1
m1r2_d1ebe037a82321aa,T1,2021/22,2022-05-22,Hatayspor,Giresunspor,4-1,3,2.1/3.4/3.4,1.66/3.8/4.75,-0.75,1.88,FULL_WIN,0.88
m1r2_5682d4325e975b33,T1,2022/23,2022-08-13,Kayserispor,Istanbulspor,1-0,1,1.85/3.8/4,1.7/4/4.75,-0.75,1.88,HALF_WIN,0.44
m1r2_7170eb54f030ef84,T1,2022/23,2022-08-21,Buyuksehyr,Kayserispor,2-0,2,1.55/3.8/6.5,1.66/3.75/5,-0.75,1.88,FULL_WIN,0.88
m1r2_6bf95e3053e00d42,T1,2022/23,2022-08-21,Besiktas,Karagumruk,4-1,3,1.57/4.2/5,1.7/4/4.5,-0.75,1.93,FULL_WIN,0.93
m1r2_f07645bba1f23fe3,T1,2022/23,2022-09-03,Buyuksehyr,Alanyaspor,2-0,2,1.9/3.5/3.8,1.7/3.75/4.5,-0.75,1.98,FULL_WIN,0.98
m1r2_9b4a799f896978df,T1,2022/23,2022-09-04,Antalyaspor,Kasimpasa,0-2,-2,1.7/3.6/4.5,1.7/3.75/4.33,-0.75,1.95,LOSS,-1
m1r2_ece191f85bded3c7,T1,2022/23,2022-09-09,Alanyaspor,Ankaragucu,2-1,1,1.72/3.8/4.5,1.72/3.8/4.5,-0.75,1.98,HALF_WIN,0.49
m1r2_b182352c8339cb81,T1,2022/23,2022-09-10,Konyaspor,Hatayspor,1-0,1,1.7/4/4.75,1.7/4/4.5,-0.75,1.9,HALF_WIN,0.45
m1r2_89f53c6dd8d58613,T1,2022/23,2022-09-11,Gaziantep,Umraniyespor,1-1,0,1.75/3.8/4.5,1.72/4/4.5,-0.75,1.93,LOSS,-1
m1r2_a608d4669d6f812c,T1,2022/23,2022-09-16,Galatasaray,Konyaspor,2-1,1,1.7/3.8/5,1.75/3.75/4.5,-0.75,1.98,HALF_WIN,0.49
m1r2_acb61fa96899fa85,T1,2022/23,2022-09-18,Buyuksehyr,Karagumruk,0-0,0,1.55/4.2/6,1.61/4/5.25,-0.75,1.83,LOSS,-1
m1r2_84e7e61e4f40eb4b,T1,2022/23,2022-09-18,Trabzonspor,Gaziantep,3-2,1,1.66/4/4.75,1.61/4.2/4.75,-0.75,1.8,HALF_WIN,0.4
m1r2_e72d219f9182c97f,T1,2022/23,2022-10-03,Karagumruk,Istanbulspor,1-2,-1,1.66/3.75/4.5,1.75/3.6/4.2,-0.75,2.08,LOSS,-1
m1r2_feacf278885c38c0,T1,2022/23,2022-10-10,Buyuksehyr,Sivasspor,0-2,-2,1.53/4/5.5,1.65/3.6/5,-0.75,1.88,LOSS,-1
m1r2_d5629546ca55fb21,T1,2022/23,2022-10-15,Konyaspor,Gaziantep,0-1,-1,1.8/3.75/4.2,1.7/3.8/4.5,-0.75,1.88,LOSS,-1
m1r2_8ea272adea9cdfc5,T1,2022/23,2022-10-21,Antalyaspor,Istanbulspor,2-1,1,1.72/3.6/4.5,1.7/3.6/4.75,-0.75,1.98,HALF_WIN,0.49
m1r2_504c12a3a0be766b,T1,2022/23,2022-10-29,Konyaspor,Kasimpasa,1-1,0,1.66/3.8/4.5,1.66/3.8/4.5,-0.75,1.88,LOSS,-1
m1r2_e42f3bc1b7dc7787,T1,2022/23,2022-10-31,Buyuksehyr,Giresunspor,3-1,2,1.5/4/6.5,1.66/3.4/5,-0.75,1.98,FULL_WIN,0.98
m1r2_9eba0cecbf30dc6c,T1,2022/23,2022-12-25,Konyaspor,Alanyaspor,2-2,0,1.8/3.8/4,1.75/3.75/4,-0.75,2,LOSS,-1
m1r2_b50998dcffd322df,T1,2022/23,2022-12-29,Besiktas,Ad. Demirspor,1-0,1,1.73/3.8/4,1.73/4/3.75,-0.75,1.93,HALF_WIN,0.465
m1r2_09945cd33f512938,T1,2022/23,2023-01-07,Besiktas,Kasimpasa,2-1,1,1.57/4.2/5.25,1.75/4.2/3.8,-0.75,2,HALF_WIN,0.5
m1r2_82d7e67716975aa3,T1,2022/23,2023-01-20,Ad. Demirspor,Giresunspor,1-1,0,1.75/4/4,1.75/4/4,-0.75,2,LOSS,-1
m1r2_df2d8189081b1dbc,T1,2022/23,2023-01-28,Ankaragucu,Gaziantep,0-2,-2,1.8/3.6/4.2,1.7/3.75/4.5,-0.75,1.95,LOSS,-1
m1r2_1f03fa777b75fb08,T1,2022/23,2023-02-01,Trabzonspor,Antalyaspor,2-0,2,1.6/3.8/5,1.65/3.8/4.75,-0.75,1.9,FULL_WIN,0.9
m1r2_4dcdd2d7ba7a7f3e,T1,2022/23,2023-02-05,Galatasaray,Trabzonspor,2-1,1,1.62/3.75/4.75,1.62/3.8/4.75,-0.75,1.83,HALF_WIN,0.415
m1r2_80ecae10935db1a5,T1,2022/23,2023-04-08,Ankaragucu,Istanbulspor,3-2,1,1.67/3.8/4.75,1.67/3.75/4.75,-0.75,1.9,HALF_WIN,0.45
m1r2_80dfaca9bac6ac4a,T1,2022/23,2023-04-15,Ad. Demirspor,Kasimpasa,5-0,5,1.7/3.8/4.5,1.75/3.8/4.2,-0.75,1.93,FULL_WIN,0.93
m1r2_302d9d97bd92a642,T1,2022/23,2023-04-20,Ankaragucu,Giresunspor,3-1,2,1.91/3.6/3.5,1.7/3.8/4.75,-0.75,1.9,FULL_WIN,0.9
m1r2_5f8d804af1005a11,T1,2022/23,2023-05-07,Konyaspor,Kayserispor,2-2,0,1.67/4/4.5,1.67/4/4.33,-0.75,1.9,LOSS,-1
m1r2_eb6f3ad96e729b62,T1,2022/23,2023-05-20,Kasimpasa,Istanbulspor,1-0,1,1.8/3.6/3.6,1.75/3.75/3.75,-0.75,2.02,HALF_WIN,0.51
m1r2_8e4a3ef9a6182bf5,T1,2022/23,2023-05-21,Antalyaspor,Buyuksehyr,0-0,0,//,1.7/3.6/4.33,-0.75,2,LOSS,-1
m1r2_a6858beaae794a8a,T1,2022/23,2023-06-03,Konyaspor,Karagumruk,1-1,0,1.85/4.33/3.4,1.67/4.5/4.2,-0.75,1.85,LOSS,-1
m1r2_4358aacac0b41326,T1,2023/24,2023-08-12,Konyaspor,Istanbulspor,1-1,0,1.73/3.75/4.2,1.8/3.75/4,-0.75,2.05,LOSS,-1
m1r2_70718465710f7efa,T1,2023/24,2023-08-19,Galatasaray,Trabzonspor,2-0,2,1.6/3.8/5.25,1.73/3.6/4.5,-0.75,1.9,FULL_WIN,0.9
m1r2_6c238ebf9b32a5b1,T1,2023/24,2023-08-26,Trabzonspor,Rizespor,2-3,-1,1.45/4/5.75,1.67/3.5/4.5,-0.75,1.95,LOSS,-1
m1r2_cbf4e8d26eda5be0,T1,2023/24,2023-10-01,Ad. Demirspor,Alanyaspor,4-0,4,1.73/4/4.33,1.67/4/4.5,-0.75,1.85,FULL_WIN,0.85
m1r2_aa304b5df25eba29,T1,2023/24,2023-10-21,Galatasaray,Besiktas,2-1,1,1.6/4/4.75,1.6/4/4.75,-0.75,1.8,HALF_WIN,0.4
m1r2_c6cc7821e533f55c,T1,2023/24,2023-10-23,Trabzonspor,Alanyaspor,1-0,1,1.62/4/4.75,1.67/3.8/4.5,-0.75,1.9,HALF_WIN,0.45
m1r2_9d588e0fae37f764,T1,2023/24,2023-10-28,Ad. Demirspor,Konyaspor,3-0,3,1.62/4/5,1.8/3.6/4.2,-0.75,2.1,FULL_WIN,1.1
m1r2_adf3bd5560a33d28,T1,2023/24,2023-11-08,Samsunspor,Istanbulspor,2-1,1,1.91/3.6/3.5,1.65/3.8/4.33,-0.75,1.93,HALF_WIN,0.465
m1r2_5591c8e92339aaaa,T1,2023/24,2023-11-12,Besiktas,Buyuksehyr,1-0,1,1.75/3.6/4.2,1.7/3.6/4.33,-0.75,1.93,HALF_WIN,0.465
m1r2_831f097e11af7a80,T1,2023/24,2023-11-12,Rizespor,Istanbulspor,1-0,1,1.7/3.6/5,1.62/3.75/5.5,-0.75,1.83,HALF_WIN,0.415
m1r2_86e26da9f55499c8,T1,2023/24,2023-11-26,Antalyaspor,Rizespor,0-0,0,1.8/3.6/4.33,1.65/3.8/5,-0.75,1.83,LOSS,-1
m1r2_8b716dbefc1b9782,T1,2023/24,2023-12-01,Karagumruk,Istanbulspor,3-0,3,1.65/3.75/5.25,1.67/3.6/5,-0.75,1.93,FULL_WIN,0.93
m1r2_8780ee67fcb0f6a2,T1,2023/24,2023-12-02,Ad. Demirspor,Samsunspor,2-3,-1,1.7/4.2/4.25,1.8/4/4,-0.75,2,LOSS,-1
m1r2_178069b57961523e,T1,2023/24,2023-12-10,Kayserispor,Pendikspor,2-0,2,1.85/3.6/4,1.65/4/5,-0.75,1.83,FULL_WIN,0.83
m1r2_b07c959567ac7b23,T1,2023/24,2023-12-23,Karagumruk,Gaziantep,0-3,-3,1.91/3.5/3.6,1.67/3.75/4.75,-0.75,1.93,LOSS,-1
m1r2_9716cf3f51030806,T1,2023/24,2023-12-23,Trabzonspor,Buyuksehyr,1-1,0,1.65/3.75/4.5,1.6/4/4.75,-0.75,1.8,LOSS,-1
m1r2_ad52692d410cf109,T1,2023/24,2024-01-11,Trabzonspor,Samsunspor,2-1,1,1.67/3.75/4.75,1.7/3.5/5.25,-0.75,1.95,HALF_WIN,0.475
m1r2_33139647ac53c2b3,T1,2023/24,2024-01-22,Kayserispor,Istanbulspor,0-1,-1,1.57/4.2/5.75,1.7/4/4.75,-0.75,1.93,LOSS,-1
m1r2_6b135ce7195cc8cd,T1,2023/24,2024-01-24,Antalyaspor,Sivasspor,2-1,1,1.7/3.5/5,1.62/3.8/6,-0.75,1.73,HALF_WIN,0.365
m1r2_3060b563a4e9c051,T1,2023/24,2024-01-25,Samsunspor,Kayserispor,2-0,2,2/3.5/3.4,1.73/4/4.75,-0.75,1.93,FULL_WIN,0.93
m1r2_1e80b95aef532079,T1,2023/24,2024-01-29,Trabzonspor,Kasimpasa,2-3,-1,1.67/4.33/4.5,1.7/4.33/4.2,-0.75,1.95,LOSS,-1
m1r2_ecc4ba433f298480,T1,2023/24,2024-02-03,Rizespor,Konyaspor,0-0,0,1.85/3.6/4,1.73/3.8/4.75,-0.75,1.93,LOSS,-1
m1r2_138e6b44c9258b44,T1,2023/24,2024-02-23,Samsunspor,Rizespor,3-0,3,1.91/3.6/4,1.75/3.8/4.5,-0.75,1.98,FULL_WIN,0.98
m1r2_d2c6a719cad266df,T1,2023/24,2024-03-09,Trabzonspor,Karagumruk,5-1,4,1.75/3.8/4.5,1.8/3.8/4.2,-0.75,2,FULL_WIN,1
m1r2_f6e6064fcff3755b,T1,2023/24,2024-03-16,Ad. Demirspor,Sivasspor,4-1,3,1.8/3.5/4.75,1.7/3.6/5.5,-0.75,1.93,FULL_WIN,0.93
m1r2_b75d1412bd4432dd,T1,2023/24,2024-04-13,Besiktas,Samsunspor,1-1,0,1.75/3.75/4.75,1.73/3.75/5,-0.75,1.95,LOSS,-1
m1r2_88cbe249d88e7633,T1,2023/24,2024-04-29,Karagumruk,Antalyaspor,4-1,3,2.15/3.4/3.4,1.65/4/5,-0.75,1.83,FULL_WIN,0.83
m1r2_7c7c8d77177d9f8e,T1,2023/24,2024-05-03,Besiktas,Rizespor,3-2,1,1.8/3.8/4.33,1.73/3.8/4.75,-0.75,1.93,HALF_WIN,0.465
m1r2_4451fdd2a9dbf60c,T1,2023/24,2024-05-12,Kasimpasa,Antalyaspor,3-1,2,2/3.75/3.4,1.75/4/4,-0.75,1.98,FULL_WIN,0.98
m1r2_7cd6c4840cab79fd,T1,2023/24,2024-05-12,Pendikspor,Rizespor,2-1,1,1.95/3.8/3.4,1.73/4.33/4,-0.75,1.9,HALF_WIN,0.45
m1r2_54e9885de1fa1a01,T1,2023/24,2024-05-24,Alanyaspor,Antalyaspor,1-1,0,1.67/4/4.75,1.67/4.5/4.33,-0.75,1.83,LOSS,-1
m1r2_941e7525a6dcc585,T1,2024/25,2024-09-15,Alanyaspor,Hatayspor,0-0,0,1.75/3.75/4.5,1.73/3.6/4.75,-0.75,2,LOSS,-1
m1r2_053e3c9af3a1ff9d,T1,2024/25,2024-09-16,Antalyaspor,Ad. Demirspor,2-1,1,1.73/3.9/4.33,1.8/4/3.9,-0.75,2.03,HALF_WIN,0.515
m1r2_ea2b32de9bfb872c,T1,2024/25,2024-09-23,Goztep,Kayserispor,3-0,3,1.83/3.7/4.2,1.75/3.8/4.5,-0.75,2,FULL_WIN,1
m1r2_3761d05334754685,T1,2024/25,2024-09-29,Eyupspor,Gaziantep,3-2,1,1.9/3.5/4.1,1.7/3.7/4.75,-0.75,1.93,HALF_WIN,0.465
m1r2_148f44d54d1b579e,T1,2024/25,2024-09-29,Bodrumspor,Ad. Demirspor,3-1,2,1.75/3.7/4.5,1.75/3.6/4.5,-0.75,2.03,FULL_WIN,1.03
m1r2_20091e5de578da35,T1,2024/25,2024-10-05,Kasimpasa,Bodrumspor,0-0,0,1.95/3.4/4,1.8/3.5/4.5,-0.75,2.03,LOSS,-1
m1r2_888744f85f50a9e9,T1,2024/25,2024-10-05,Goztep,Sivasspor,3-2,1,1.75/3.6/4.5,1.7/3.6/5,-0.75,1.93,HALF_WIN,0.465
m1r2_34b4b0772ba974a0,T1,2024/25,2024-10-05,Buyuksehyr,Kayserispor,1-1,0,1.57/4/5.75,1.7/3.9/4.5,-0.75,1.9,LOSS,-1
m1r2_d317e228358321cd,T1,2024/25,2024-10-28,Galatasaray,Besiktas,2-1,1,1.82/3.9/3.7,1.67/4.2/4.33,-0.75,1.88,HALF_WIN,0.44
m1r2_85b437bc00822a5f,T1,2024/25,2024-11-03,Eyupspor,Hatayspor,2-0,2,1.7/3.75/4.75,1.67/4/4.75,-0.75,1.88,FULL_WIN,0.88
m1r2_7d4d50fc28c4fa32,T1,2024/25,2024-11-24,Besiktas,Goztep,2-4,-2,1.48/4.33/6.25,1.62/3.9/5.25,-0.75,1.83,LOSS,-1
m1r2_cea0f39691945bc8,T1,2024/25,2024-12-01,Rizespor,Kayserispor,3-0,3,1.83/3.6/4.2,1.7/3.8/4.75,-0.75,1.9,FULL_WIN,0.9
m1r2_e26e2ba6e9555998,T1,2024/25,2024-12-08,Buyuksehyr,Hatayspor,3-0,3,1.7/3.7/4.2,1.6/3.8/4.75,-0.75,1.85,FULL_WIN,0.85
m1r2_caa101ee3d353b4c,T1,2024/25,2024-12-14,Alanyaspor,Gaziantep,3-0,3,1.95/3.6/3.75,1.7/4.1/4.5,-0.75,1.85,FULL_WIN,0.85
m1r2_d66148a35662a110,T1,2024/25,2024-12-21,Besiktas,Alanyaspor,1-1,0,1.67/4/4.5,1.73/3.8/4.5,-0.75,1.93,LOSS,-1
m1r2_8e4573537f7ff1c7,T1,2024/25,2024-12-22,Trabzonspor,Bodrumspor,1-0,1,1.57/3.9/5.5,1.73/3.6/4.75,-0.75,1.75,HALF_WIN,0.375
m1r2_a9a31cfc5a5712ff,T1,2024/25,2025-01-05,Kasimpasa,Gaziantep,2-2,0,1.8/3.7/3.9,1.62/4/4.75,-0.75,1.8,LOSS,-1
m1r2_5033fdb3266208fc,T1,2024/25,2025-01-18,Besiktas,Samsunspor,0-0,0,2.1/3.4/3.2,1.73/3.8/4.1,-0.75,1.98,LOSS,-1
m1r2_e981bdf9fd2c70e4,T1,2024/25,2025-01-24,Samsunspor,Gaziantep,2-1,1,1.67/3.9/4.75,1.7/4/4.5,-0.75,1.88,HALF_WIN,0.44
m1r2_de7a5be7dc8734fd,T1,2024/25,2025-01-27,Kasimpasa,Hatayspor,5-4,1,1.7/4/4.5,1.75/4.1/4,-0.75,1.98,HALF_WIN,0.49
m1r2_3ad5276430499b1b,T1,2024/25,2025-01-31,Eyupspor,Sivasspor,1-0,1,1.83/3.5/3.8,1.8/3.6/3.9,-0.75,2.03,HALF_WIN,0.515
m1r2_dd33e1fa978602d6,T1,2024/25,2025-02-16,Eyupspor,Kayserispor,1-1,0,1.85/3.4/4,1.65/3.6/5.25,-0.75,1.88,LOSS,-1
m1r2_b05a52fb8dda9fb1,T1,2024/25,2025-03-16,Goztep,Eyupspor,1-1,0,1.75/3.6/4.5,1.73/3.7/4.5,-0.75,1.98,LOSS,-1
m1r2_0a4d0ab34ae59f84,T1,2024/25,2025-04-20,Buyuksehyr,Gaziantep,2-1,1,1.63/3.7/4.33,1.6/3.9/4.5,-0.75,1.8,HALF_WIN,0.4
m1r2_c321e7e44572f157,T1,2024/25,2025-04-27,Trabzonspor,Alanyaspor,4-3,1,1.75/3.6/4.5,1.62/3.9/5,-0.75,1.8,HALF_WIN,0.4
m1r2_5cb7438126a8109e,T1,2024/25,2025-05-03,Rizespor,Gaziantep,2-0,2,1.85/3.6/3.75,1.62/4.1/4.75,-0.75,1.8,FULL_WIN,0.8
m1r2_dde957d84a969ccb,T1,2024/25,2025-05-18,Samsunspor,Sivasspor,1-0,1,1.8/3.6/4.2,1.7/3.6/4.75,-0.75,1.93,HALF_WIN,0.465
