Country,League,Season,Date,Time,Home,Away,HG,AG,Res,PSCH,PSCD,PSCA,MaxCH,MaxCD,MaxCA,AvgCH,AvgCD,AvgCA,BFECH,BFECD,BFECA,B365CH,B365CD,B36CA
Japan,J1 League,2025,14/02/2025,10:00,Gamba Osaka,Cerezo Osaka,2,5,A,2.34,3.38,3.23,2.38,3.43,3.26,2.29,3.27,3.12,2.42,3.45,3.3,,,
Japan,J1 League,2025,15/02/2025,05:00,Avispa Fukuoka,Kashiwa Reysol,0,1,A,3.01,2.95,2.76,3.01,2.95,2.83,2.9,2.86,2.71,3.1,3,2.84,,,
Japan,J1 League,2025,15/02/2025,05:00,Okayama,Kyoto,2,0,H,2.9,3.36,2.55,3.05,3.55,2.6,2.94,3.29,2.39,3.1,3.4,2.52,,,
Japan,J1 League,2025,15/02/2025,05:00,Vissel Kobe,Urawa Reds,0,0,D,1.86,3.64,4.46,1.88,3.7,4.73,1.81,3.51,4.43,1.87,3.7,4.9,,,
Japan,J1 League,2025,15/02/2025,05:00,Yokohama F. Marinos,Albirex Niigata,1,1,D,2.38,3.71,2.92,2.38,3.75,3.16,2.25,3.57,2.96,2.36,3.75,3.15,,,
Japan,J1 League,2025,15/02/2025,05:00,Yokohama FC,FC Tokyo,0,1,A,2.75,3.28,2.75,2.75,3.45,2.89,2.6,3.19,2.73,2.72,3.3,2.92,,,
Japan,J1 League,2025,15/02/2025,06:00,Kawasaki Frontale,Nagoya Grampus,4,0,H,2.05,3.47,3.86,2.06,3.55,3.98,1.99,3.34,3.81,2.1,3.5,4,,,
Japan,J1 League,2025,15/02/2025,06:00,Shonan Bellmare,Kashima Antlers,1,0,H,3.59,3.42,2.16,3.76,3.5,2.2,3.5,3.34,2.09,3.6,3.45,2.22,,,
Japan,J1 League,2025,16/02/2025,05:00,Machida,Sanfrecce Hiroshima,1,2,A,3.33,3.3,2.33,3.51,3.3,2.33,3.34,3.13,2.24,3.55,3.3,2.36,,,
Japan,J1 League,2025,16/02/2025,05:00,Verdy,Shimizu S-Pulse,0,1,A,2.42,3.1,3.36,2.47,3.2,3.36,2.35,3.07,3.21,2.5,3.2,3.3,,,
Japan,J1 League,2025,22/02/2025,05:00,Kashiwa Reysol,Kawasaki Frontale,1,1,D,3.69,3.5,2.09,3.7,3.55,2.4,3.2,3.38,2.22,3,3.6,2.44,,,
Japan,J1 League,2025,22/02/2025,05:00,Kyoto,Urawa Reds,1,1,D,3.22,3.39,2.34,3.5,3.45,2.41,3.16,3.3,2.26,3.2,3.4,2.44,,,
Japan,J1 League,2025,22/02/2025,05:00,Nagoya Grampus,Vissel Kobe,2,2,D,3.42,3.03,2.44,3.68,3.34,2.44,3.5,3.06,2.22,3.95,3.35,2.18,,,
Japan,J1 League,2025,22/02/2025,05:00,Shimizu S-Pulse,Albirex Niigata,2,0,H,2.64,3.02,3.09,2.64,3.12,3.35,2.45,2.96,3.15,2.48,3.2,3.35,,,
Japan,J1 League,2025,22/02/2025,05:00,Yokohama FC,Okayama,1,0,H,2.51,2.93,3.41,2.51,3.11,3.78,2.32,2.96,3.42,2.26,3.15,3.85,,,
Japan,J1 League,2025,22/02/2025,06:00,Cerezo Osaka,Shonan Bellmare,1,2,A,2.5,3.52,2.87,2.54,3.56,3.6,2.38,3.38,2.9,2.12,3.75,3.65,,,
Japan,J1 League,2025,22/02/2025,06:00,FC Tokyo,Machida,0,1,A,3.57,3.17,2.28,3.74,3.2,2.33,3.49,3.06,2.23,3.3,3.4,2.4,,,
Japan,J1 League,2025,22/02/2025,06:00,Gamba Osaka,Avispa Fukuoka,2,1,H,2.05,3.21,4.27,2.16,3.21,4.3,2.03,3.06,4.07,2.08,3.25,4.4,,,
Japan,J1 League,2025,22/02/2025,06:00,Kashima Antlers,Verdy,4,0,H,2.73,2.87,3.15,2.74,3.1,3.7,2.52,2.8,3.25,2.18,3.25,4.2,,,
Japan,J1 League,2025,23/02/2025,05:00,Sanfrecce Hiroshima,Yokohama F. Marinos,1,0,H,1.58,4.6,5.35,1.62,4.81,5.7,1.56,4.4,5.17,1.6,4.6,5.8,,,
Japan,J1 League,2025,26/02/2025,10:00,Avispa Fukuoka,Kawasaki Frontale,1,2,A,4.37,3.59,1.89,4.5,3.59,1.9,4.26,3.44,1.86,4.6,3.65,1.93,,,
Japan,J1 League,2025,26/02/2025,10:00,FC Tokyo,Nagoya Grampus,3,1,H,3.17,2.85,2.73,3.17,3,2.78,3.02,2.81,2.65,3.25,2.92,2.8,,,
Japan,J1 League,2025,26/02/2025,10:00,Kashima Antlers,Albirex Niigata,2,1,H,2.28,3.26,3.53,2.28,3.26,3.65,2.21,3.12,3.44,2.3,3.3,3.7,,,
Japan,J1 League,2025,26/02/2025,10:00,Kashiwa Reysol,Cerezo Osaka,2,1,H,2.53,3,3.28,2.53,3.05,3.4,2.43,2.92,3.23,2.54,3.05,3.4,,,
Japan,J1 League,2025,26/02/2025,10:00,Machida,Verdy,0,1,A,2.24,2.92,4.09,2.25,3.04,4.33,2.13,2.91,4.01,2.24,3.1,4.1,,,
Japan,J1 League,2025,26/02/2025,10:00,Okayama,Gamba Osaka,2,0,H,2.75,3.11,2.87,2.83,3.27,2.87,2.68,3.08,2.74,2.8,3.2,2.94,,,
Japan,J1 League,2025,26/02/2025,10:00,Shimizu S-Pulse,Sanfrecce Hiroshima,1,1,D,4.03,3.42,2.02,4.03,3.42,2.17,3.76,3.23,2.05,4.1,3.6,2.06,,,
Japan,J1 League,2025,26/02/2025,10:00,Shonan Bellmare,Urawa Reds,2,1,H,2.71,3.48,2.65,2.71,3.48,2.71,2.6,3.33,2.64,2.76,3.5,2.78,,,
Japan,J1 League,2025,26/02/2025,10:00,Vissel Kobe,Kyoto,1,1,D,2.21,3.48,3.41,2.23,3.65,3.75,2.06,3.45,3.49,2.28,3.55,3.5,,,
Japan,J1 League,2025,26/02/2025,10:00,Yokohama F. Marinos,Yokohama FC,0,0,D,2.38,3.31,3.21,2.4,3.34,3.37,2.3,3.22,3.15,2.34,3.4,3.4,,,
Japan,J1 League,2025,01/03/2025,04:00,Yokohama F. Marinos,Shonan Bellmare,1,1,D,2.48,3.57,2.86,2.53,3.75,2.88,2.43,3.49,2.75,2.5,3.65,2.9,,,
Japan,J1 League,2025,01/03/2025,05:00,Kashima Antlers,FC Tokyo,2,0,H,2.01,3.34,4.22,2.05,3.42,4.3,1.95,3.26,4.09,2.06,3.4,4.4,,,
Japan,J1 League,2025,01/03/2025,06:00,Kawasaki Frontale,Kyoto,0,1,A,1.77,3.95,4.59,1.95,3.95,4.59,1.84,3.69,4.07,1.91,3.95,4.3,,,
Japan,J1 League,2025,01/03/2025,06:00,Vissel Kobe,Avispa Fukuoka,0,1,A,2.33,2.98,3.72,2.4,3.1,3.72,2.28,2.91,3.56,2.46,3,3.7,,,
Japan,J1 League,2025,02/03/2025,05:00,Albirex Niigata,Cerezo Osaka,2,2,D,2.47,3.23,3.15,2.51,3.3,3.2,2.43,3.1,3.04,2.52,3.25,3.25,,,
Japan,J1 League,2025,02/03/2025,05:00,Nagoya Grampus,Machida,1,2,A,3.79,2.92,2.34,3.79,2.95,2.65,3.41,2.84,2.4,3.85,2.98,2.42,,,
Japan,J1 League,2025,02/03/2025,05:00,Okayama,Shimizu S-Pulse,1,1,D,2.98,3.03,2.72,3.05,3.23,2.74,2.9,3.01,2.58,3.05,3.1,2.76,,,
Japan,J1 League,2025,02/03/2025,05:00,Verdy,Gamba Osaka,0,1,A,2,3.27,4.38,2.2,3.34,4.55,2.03,3.12,4.02,2.08,3.25,4.6,,,
Japan,J1 League,2025,02/03/2025,05:30,Sanfrecce Hiroshima,Yokohama FC,1,0,H,1.92,3.37,4.6,2.04,3.45,5,1.91,3.26,4.32,2.02,3.3,4.5,,,
Japan,J1 League,2025,02/03/2025,06:00,Urawa Reds,Kashiwa Reysol,0,2,A,2.38,3.2,3.32,2.47,3.2,3.32,2.37,3.06,3.17,2.54,3.15,3.35,,,
Japan,J1 League,2025,08/03/2025,05:00,Urawa Reds,Okayama,1,0,H,2.05,3.43,3.94,2.05,3.5,4.38,1.96,3.34,3.99,2.04,3.6,4.2,,,
Japan,J1 League,2025,08/03/2025,05:05,Albirex Niigata,Verdy,2,2,D,2.54,3.15,3.1,2.54,3.15,3.37,2.43,3.04,3.12,2.52,3.15,3.3,,,
Japan,J1 League,2025,08/03/2025,06:00,Gamba Osaka,Shimizu S-Pulse,1,0,H,3.25,3.25,2.39,3.26,3.26,2.5,3.08,3.16,2.4,3.35,3.25,2.44,,,
Japan,J1 League,2025,08/03/2025,07:00,Cerezo Osaka,Nagoya Grampus,1,1,D,2.44,3.22,3.21,2.51,3.22,3.3,2.39,3.08,3.14,2.5,3.35,3.25,,,
Japan,J1 League,2025,08/03/2025,07:00,FC Tokyo,Shonan Bellmare,0,0,D,3.71,3.39,2.13,3.74,3.45,2.2,3.59,3.29,2.09,3.8,3.4,2.22,,,
Japan,J1 League,2025,08/03/2025,07:00,Kashiwa Reysol,Kashima Antlers,1,3,A,2.88,3.05,2.79,2.88,3.11,2.83,2.79,2.99,2.73,2.98,3.15,2.82,,,
Japan,J1 League,2025,08/03/2025,07:00,Yokohama FC,Machida,0,2,A,3.78,2.88,2.37,4,2.92,2.37,3.73,2.82,2.29,3.95,2.98,2.42,,,
Japan,J1 League,2025,09/03/2025,05:00,Kyoto,Avispa Fukuoka,0,1,A,2.21,3.39,3.5,2.28,3.39,3.61,2.24,3.2,3.35,2.34,3.35,3.55,,,
Japan,J1 League,2025,15/03/2025,05:00,Avispa Fukuoka,FC Tokyo,1,0,H,2.46,2.88,3.58,2.46,3.1,3.66,2.37,2.86,3.45,2.5,2.98,3.65,,,
Japan,J1 League,2025,15/03/2025,05:00,Machida,Albirex Niigata,1,0,H,2.17,3.04,4.09,2.19,3.2,4.2,2.11,3.04,3.89,2.2,3.1,4.2,,,
Japan,J1 League,2025,15/03/2025,05:00,Verdy,Nagoya Grampus,2,1,H,2.38,3.22,3.3,2.55,3.22,3.3,2.42,3.06,3.12,2.48,3.2,3.4,,,
Japan,J1 League,2025,15/03/2025,05:00,Yokohama FC,Cerezo Osaka,2,0,H,2.59,3.25,2.96,2.75,3.26,2.96,2.6,3.13,2.8,2.66,3.2,3.05,,,
Japan,J1 League,2025,16/03/2025,04:00,Shimizu S-Pulse,Kyoto,1,2,A,2.38,3.17,3.34,2.4,3.3,3.36,2.32,3.15,3.23,2.4,3.3,3.4,,,
Japan,J1 League,2025,16/03/2025,05:03,Kashima Antlers,Urawa Reds,1,1,D,2.78,3.25,2.73,2.78,3.3,2.9,2.62,3.18,2.75,2.78,3.3,2.9,,,
Japan,J1 League,2025,16/03/2025,05:03,Okayama,Kawasaki Frontale,0,0,D,4.51,3.55,1.88,4.7,3.56,1.9,4.37,3.46,1.83,4.6,3.65,1.92,,,
Japan,J1 League,2025,16/03/2025,05:03,Sanfrecce Hiroshima,Kashiwa Reysol,1,1,D,2.01,3.38,4.14,2.05,3.38,4.24,1.98,3.24,4.02,2.08,3.4,4.3,,,
Japan,J1 League,2025,16/03/2025,05:03,Yokohama F. Marinos,Gamba Osaka,2,0,H,2.38,3.64,2.95,2.38,3.69,3.5,2.25,3.45,3.08,2.26,3.65,3.4,,,
Japan,J1 League,2025,16/03/2025,06:03,Shonan Bellmare,Vissel Kobe,1,2,A,3.18,3.31,2.4,3.18,3.41,2.49,3.03,3.26,2.36,3.25,3.3,2.46,,,
Japan,J1 League,2025,28/03/2025,10:00,Cerezo Osaka,Urawa Reds,1,1,D,3.15,3.48,2.33,3.2,3.5,2.4,2.98,3.37,2.33,3.15,3.55,2.44,,,
Japan,J1 League,2025,29/03/2025,04:00,Okayama,Yokohama F. Marinos,1,0,H,2.85,3.34,2.62,3.14,3.4,2.63,2.88,3.28,2.44,2.9,3.4,2.7,,,
Japan,J1 League,2025,29/03/2025,04:00,Shimizu S-Pulse,Shonan Bellmare,3,0,H,2.66,3.25,2.87,2.66,3.32,3,2.54,3.22,2.8,2.7,3.3,2.92,,,
Japan,J1 League,2025,29/03/2025,05:00,Albirex Niigata,Gamba Osaka,3,3,D,2.69,3.33,2.76,2.76,3.33,2.95,2.62,3.21,2.74,2.8,3.3,2.88,,,
Japan,J1 League,2025,29/03/2025,05:00,Kashiwa Reysol,Verdy,0,0,D,2.12,3.29,3.89,2.17,3.29,3.89,2.11,3.19,3.68,2.2,3.3,3.95,,,
Japan,J1 League,2025,29/03/2025,05:00,Kyoto,Sanfrecce Hiroshima,1,0,H,4.12,3.65,1.93,4.12,3.65,2.12,3.75,3.44,1.99,4.2,3.6,2.02,,,
Japan,J1 League,2025,29/03/2025,05:00,Nagoya Grampus,Yokohama FC,2,1,H,2.72,2.87,3.16,2.72,3,3.16,2.63,2.84,3.04,2.8,2.92,3.25,,,
Japan,J1 League,2025,29/03/2025,06:00,Avispa Fukuoka,Machida,2,2,D,3.15,2.84,2.75,3.5,2.98,2.75,3.09,2.83,2.61,3.3,2.88,2.8,,,
Japan,J1 League,2025,29/03/2025,06:00,Kashima Antlers,Vissel Kobe,1,0,H,3.53,3.35,2.21,3.53,3.35,2.45,3.31,3.15,2.27,3.5,3.4,2.3,,,
Japan,J1 League,2025,29/03/2025,08:00,FC Tokyo,Kawasaki Frontale,0,3,A,3.92,3.53,2.01,3.92,3.61,2.05,3.73,3.46,1.98,4,3.7,2.04,,,
Japan,J1 League,2025,02/04/2025,11:00,Albirex Niigata,Avispa Fukuoka,0,1,A,2.55,3.06,3.17,2.61,3.1,3.25,2.5,3.01,3.07,2.62,3.1,3.25,,,
Japan,J1 League,2025,02/04/2025,11:00,Cerezo Osaka,Okayama,2,1,H,2.17,3.59,3.41,2.17,3.59,3.45,2.14,3.43,3.32,2.22,3.65,3.55,,,
Japan,J1 League,2025,02/04/2025,11:00,Gamba Osaka,Machida,0,1,A,3.21,3.11,2.5,3.33,3.15,2.63,3.07,3.06,2.47,3.3,3.15,2.56,,,
Japan,J1 League,2025,02/04/2025,11:00,Kawasaki Frontale,Shonan Bellmare,2,0,H,1.79,3.78,4.72,1.8,3.78,4.8,1.75,3.67,4.61,1.85,3.85,4.7,,,
Japan,J1 League,2025,02/04/2025,11:00,Kyoto,Kashiwa Reysol,1,1,D,2.83,3.13,2.77,2.84,3.2,2.82,2.7,3.11,2.72,2.92,3.3,2.78,,,
Japan,J1 League,2025,02/04/2025,11:00,Nagoya Grampus,Yokohama F. Marinos,2,0,H,2.41,3.37,3.11,2.5,3.4,3.15,2.37,3.3,3.01,2.48,3.35,3.25,,,
Japan,J1 League,2025,02/04/2025,11:00,Sanfrecce Hiroshima,Kashima Antlers,1,0,H,2.08,3.54,3.7,2.11,3.6,3.71,2.03,3.45,3.61,2.14,3.55,3.8,,,
Japan,J1 League,2025,02/04/2025,11:00,Verdy,FC Tokyo,2,2,D,2.35,3.04,3.59,2.38,3.13,3.59,2.28,3.02,3.42,2.44,3.1,3.65,,,
Japan,J1 League,2025,02/04/2025,11:00,Yokohama FC,Vissel Kobe,0,1,A,3.8,2.98,2.3,3.89,3.1,2.31,3.7,2.92,2.24,4,3.05,2.34,,,
Japan,J1 League,2025,02/04/2025,11:30,Urawa Reds,Shimizu S-Pulse,2,1,H,2.12,3.21,3.99,2.14,3.3,4,2.07,3.16,3.84,2.12,3.3,4.3,,,
Japan,J1 League,2025,05/04/2025,06:00,Yokohama F. Marinos,Verdy,0,0,D,2.83,3.08,2.82,2.83,3.1,2.92,2.69,3.05,2.79,2.94,3.15,2.88,,,
Japan,J1 League,2025,06/04/2025,05:00,Okayama,FC Tokyo,1,0,H,2.67,3.07,3.01,2.67,3.15,3.11,2.54,3.01,2.99,2.66,3.15,3.1,,,
Japan,J1 League,2025,06/04/2025,06:00,Avispa Fukuoka,Urawa Reds,1,0,H,2.68,3.06,3.01,2.7,3.1,3.01,2.62,3.02,2.89,2.74,3.1,3.15,,,
Japan,J1 League,2025,06/04/2025,06:00,Machida,Kawasaki Frontale,2,2,D,2.35,3.16,3.44,2.35,3.25,3.44,2.29,3.12,3.31,2.36,3.2,3.6,,,
Japan,J1 League,2025,06/04/2025,06:00,Vissel Kobe,Albirex Niigata,0,1,A,2.11,3.14,4.13,2.19,3.35,4.2,2.05,3.19,3.9,2.12,3.35,4.2,,,
Japan,J1 League,2025,06/04/2025,06:00,Yokohama FC,Shimizu S-Pulse,2,0,H,2.92,2.92,2.87,2.92,2.95,2.87,2.84,2.87,2.77,3,2.98,2.92,,,
Japan,J1 League,2025,06/04/2025,07:00,Kashima Antlers,Kyoto,3,4,A,2.28,3.38,3.34,2.31,3.45,3.5,2.18,3.34,3.32,2.18,3.45,3.8,,,
Japan,J1 League,2025,06/04/2025,07:00,Kashiwa Reysol,Gamba Osaka,1,0,H,2.71,3.06,2.96,2.71,3.06,2.96,2.61,3.02,2.9,2.7,3.2,3.05,,,
Japan,J1 League,2025,06/04/2025,07:00,Sanfrecce Hiroshima,Cerezo Osaka,2,1,H,1.66,4.12,5.23,1.75,4.12,5.25,1.68,3.85,4.93,1.72,4.2,5.3,,,
Japan,J1 League,2025,06/04/2025,07:00,Shonan Bellmare,Nagoya Grampus,2,1,H,2.3,3.24,3.44,2.47,3.26,3.44,2.31,3.14,3.27,2.48,3.2,3.4,,,
Japan,J1 League,2025,09/04/2025,11:00,Kawasaki Frontale,Yokohama F. Marinos,3,3,D,2.17,3.46,3.53,2.2,3.5,3.8,2.08,3.4,3.49,2.2,3.55,3.65,,,
Japan,J1 League,2025,11/04/2025,11:00,FC Tokyo,Kashiwa Reysol,1,1,D,3.47,3.2,2.31,3.57,3.2,2.36,3.32,3.07,2.29,3.5,3.25,2.42,,,
Japan,J1 League,2025,12/04/2025,06:00,Avispa Fukuoka,Yokohama F. Marinos,2,1,H,2.23,3.49,3.35,2.3,3.49,3.5,2.21,3.26,3.31,2.3,3.5,3.55,,,
Japan,J1 League,2025,12/04/2025,06:00,Gamba Osaka,Nagoya Grampus,2,0,H,2.36,3.2,3.38,2.36,3.2,3.38,2.3,3.13,3.26,2.4,3.25,3.55,,,
Japan,J1 League,2025,12/04/2025,06:00,Sanfrecce Hiroshima,Okayama,0,1,A,1.79,3.61,5.02,1.82,3.7,5.5,1.73,3.58,4.94,1.78,3.8,5.5,,,
Japan,J1 League,2025,12/04/2025,06:00,Shimizu S-Pulse,Kawasaki Frontale,1,1,D,3.13,3.39,2.39,3.2,3.39,2.39,3.08,3.29,2.31,3.2,3.4,2.46,,,
Japan,J1 League,2025,12/04/2025,07:00,Cerezo Osaka,Kashima Antlers,1,0,H,2.36,3.66,2.97,2.4,3.69,3,2.32,3.52,2.88,2.44,3.7,3.05,,,
Japan,J1 League,2025,12/04/2025,07:00,Verdy,Vissel Kobe,0,1,A,3.7,2.96,2.35,3.7,3,2.36,3.51,2.9,2.32,3.75,3.1,2.4,,,
Japan,J1 League,2025,12/04/2025,08:00,Kyoto,Shonan Bellmare,2,0,H,2.43,3.31,3.13,2.43,3.4,3.23,2.35,3.23,3.05,2.46,3.5,3.2,,,
Japan,J1 League,2025,13/04/2025,06:00,Albirex Niigata,Yokohama FC,0,0,D,2.44,3.02,3.45,2.51,3.03,3.45,2.39,2.95,3.27,2.52,3.1,3.5,,,
Japan,J1 League,2025,13/04/2025,06:00,Machida,Urawa Reds,0,2,A,2.45,3.02,3.39,2.49,3.2,3.45,2.33,3,3.33,2.46,3.1,3.6,,,
Japan,J1 League,2025,16/04/2025,11:00,Vissel Kobe,Kawasaki Frontale,2,1,H,2.44,3.29,3.13,2.7,3.29,3.13,2.45,3.17,2.95,2.64,3.3,3.05,,,
Japan,J1 League,2025,16/04/2025,11:00,Yokohama F. Marinos,Shimizu S-Pulse,2,3,A,2.32,3.3,3.33,2.4,3.35,3.53,2.27,3.25,3.19,2.38,3.4,3.45,,,
Japan,J1 League,2025,16/04/2025,11:30,Urawa Reds,Kyoto,2,1,H,2.36,3.14,3.43,2.42,3.3,3.43,2.28,3.16,3.27,2.36,3.3,3.5,,,
Japan,J1 League,2025,19/04/2025,06:03,Albirex Niigata,Kyoto,1,2,A,2.76,3.2,2.79,2.9,3.25,2.8,2.69,3.06,2.75,2.82,3.3,2.88,,,
Japan,J1 League,2025,20/04/2025,06:00,Nagoya Grampus,Sanfrecce Hiroshima,2,1,H,4.57,3.36,1.93,4.79,3.36,1.93,4.37,3.23,1.9,4.7,3.45,1.98,,,
Japan,J1 League,2025,20/04/2025,06:00,Okayama,Kashima Antlers,1,2,A,2.68,3.26,2.83,2.75,3.26,2.83,2.64,3.14,2.73,2.78,3.25,2.94,,,
Japan,J1 League,2025,20/04/2025,06:00,Shimizu S-Pulse,Avispa Fukuoka,3,1,H,2.64,3.06,3.05,2.7,3.12,3.05,2.6,3.02,2.89,2.72,3.15,3.05,,,
Japan,J1 League,2025,20/04/2025,06:00,Vissel Kobe,Machida,1,0,H,2.37,3,3.61,2.4,3,3.69,2.33,2.92,3.42,2.46,3.05,3.7,,,
Japan,J1 League,2025,20/04/2025,06:00,Yokohama FC,Gamba Osaka,1,1,D,2.86,3.13,2.75,3.12,3.13,2.75,2.92,3,2.57,3.15,3.15,2.66,,,
Japan,J1 League,2025,20/04/2025,07:00,Cerezo Osaka,FC Tokyo,1,1,D,1.74,3.99,4.75,1.91,3.99,4.75,1.76,3.76,4.42,1.81,4,4.7,,,
Japan,J1 League,2025,20/04/2025,07:00,Kawasaki Frontale,Verdy,0,0,D,1.78,3.68,4.92,1.82,3.68,5.02,1.78,3.49,4.67,1.85,3.75,5,,,
Japan,J1 League,2025,20/04/2025,07:00,Shonan Bellmare,Kashiwa Reysol,0,1,A,3.12,3.23,2.48,3.15,3.28,2.55,3.01,3.15,2.42,3.15,3.35,2.58,,,
Japan,J1 League,2025,20/04/2025,08:00,Urawa Reds,Yokohama F. Marinos,3,1,H,2.12,3.55,3.59,2.14,3.62,3.59,2.07,3.43,3.46,2.14,3.55,3.8,,,
Japan,J1 League,2025,25/04/2025,11:00,Avispa Fukuoka,Okayama,1,1,D,2.25,3.02,3.87,2.29,3.1,3.87,2.2,2.97,3.71,2.26,3.15,4,,,
Japan,J1 League,2025,25/04/2025,11:00,Kashima Antlers,Nagoya Grampus,1,0,H,2.54,3.1,3.16,2.57,3.15,3.34,2.46,3.01,3.1,2.58,3.1,3.35,,,
Japan,J1 League,2025,25/04/2025,11:00,Kyoto,Yokohama FC,2,1,H,2.41,3.18,3.3,2.45,3.18,3.33,2.35,3.04,3.24,2.42,3.2,3.5,,,
Japan,J1 League,2025,25/04/2025,11:00,Machida,Shonan Bellmare,0,1,A,1.78,3.36,5.71,1.86,3.41,5.75,1.76,3.33,5.17,1.82,3.55,5.7,,,
Japan,J1 League,2025,25/04/2025,11:00,Verdy,Cerezo Osaka,1,0,H,2.98,3.32,2.42,3.23,3.32,2.51,2.99,3.2,2.42,3.05,3.4,2.58,,,
Japan,J1 League,2025,25/04/2025,11:30,FC Tokyo,Gamba Osaka,3,0,H,3.82,3.76,1.97,3.9,3.76,2.09,3.71,3.56,1.96,4,3.85,1.99,,,
Japan,J1 League,2025,25/04/2025,11:30,Urawa Reds,Sanfrecce Hiroshima,1,0,H,2.79,3.22,2.74,2.8,3.22,2.86,2.72,3.12,2.68,2.92,3.25,2.84,,,
Japan,J1 League,2025,26/04/2025,06:00,Kashiwa Reysol,Albirex Niigata,1,1,D,2.16,3.33,3.7,2.29,3.33,3.7,2.2,3.2,3.42,2.32,3.2,3.65,,,
Japan,J1 League,2025,29/04/2025,05:09,FC Tokyo,Shimizu S-Pulse,0,2,A,2.78,3.32,2.69,2.78,3.32,2.69,2.71,3.21,2.61,2.82,3.45,2.76,,,
Japan,J1 League,2025,29/04/2025,06:00,Nagoya Grampus,Kashiwa Reysol,1,2,A,2.69,3.04,3.01,2.69,3.2,3.4,2.51,2.98,3.05,2.68,3.05,3.2,,,
Japan,J1 League,2025,29/04/2025,06:00,Okayama,Verdy,0,1,A,2.79,2.81,3.14,2.79,2.85,3.18,2.65,2.78,3.06,2.82,2.94,3.2,,,
Japan,J1 League,2025,29/04/2025,06:00,Sanfrecce Hiroshima,Albirex Niigata,0,1,A,1.83,3.47,4.99,1.84,3.65,5.63,1.73,3.5,5.03,1.83,3.6,5.4,,,
Japan,J1 League,2025,29/04/2025,06:00,Yokohama FC,Kashima Antlers,0,3,A,2.43,2.99,3.48,2.47,3.03,3.48,2.4,2.91,3.29,2.54,3,3.5,,,
Japan,J1 League,2025,29/04/2025,07:00,Cerezo Osaka,Machida,1,2,A,3.06,3.25,2.51,3.1,3.25,2.65,2.85,3.15,2.53,3.05,3.3,2.62,,,
Japan,J1 League,2025,29/04/2025,07:00,Gamba Osaka,Kyoto,2,1,H,2.41,3.37,3.46,2.41,3.4,3.46,2.31,3.28,3.08,2.5,3.35,3.2,,,
Japan,J1 League,2025,29/04/2025,07:00,Shonan Bellmare,Avispa Fukuoka,0,0,D,3.01,2.95,2.76,3.01,3.05,2.85,2.81,2.91,2.76,3.05,2.96,2.96,,,
Japan,J1 League,2025,03/05/2025,05:00,Sanfrecce Hiroshima,Avispa Fukuoka,2,1,H,2.05,3.14,4.37,2.08,3.3,4.5,1.96,3.16,4.22,2.06,3.25,4.6,,,
Japan,J1 League,2025,03/05/2025,06:00,Albirex Niigata,FC Tokyo,2,3,A,2.33,3.39,3.24,2.38,3.39,3.3,2.32,3.21,3.15,2.42,3.35,3.4,,,
Japan,J1 League,2025,03/05/2025,06:00,Shimizu S-Pulse,Nagoya Grampus,0,3,A,2.64,3.24,2.9,2.7,3.24,3.2,2.54,3.08,2.92,2.66,3.35,3,,,
Japan,J1 League,2025,03/05/2025,07:00,Gamba Osaka,Shonan Bellmare,4,0,H,2.15,3.34,3.7,2.16,3.34,3.7,2.12,3.23,3.54,2.2,3.45,3.8,,,
Japan,J1 League,2025,03/05/2025,07:00,Kashima Antlers,Machida,1,0,H,3.59,3.01,2.37,3.59,3.05,2.4,3.4,2.93,2.34,3.7,3.05,2.44,,,
Japan,J1 League,2025,03/05/2025,07:00,Urawa Reds,Verdy,2,0,H,2.28,3.08,3.72,2.29,3.13,3.75,2.19,3.03,3.6,2.32,3.15,3.9,,,
Japan,J1 League,2025,03/05/2025,07:00,Vissel Kobe,Okayama,2,0,H,1.76,3.45,5.57,1.79,3.45,5.79,1.74,3.33,5.31,1.83,3.5,5.8,,,
Japan,J1 League,2025,03/05/2025,11:00,Kyoto,Cerezo Osaka,2,3,A,2.4,3.55,2.98,2.4,3.55,3.15,2.27,3.43,3,2.38,3.65,3.2,,,
Japan,J1 League,2025,06/05/2025,06:00,Avispa Fukuoka,Kashima Antlers,0,1,A,2.7,3.23,2.84,2.73,3.23,3,2.58,3.12,2.81,2.76,3.25,2.98,,,
Japan,J1 League,2025,06/05/2025,06:00,Urawa Reds,Gamba Osaka,0,1,A,2.36,3.38,3.19,2.36,3.38,3.6,2.22,3.28,3.24,2.38,3.4,3.4,,,
Japan,J1 League,2025,06/05/2025,06:00,Vissel Kobe,Cerezo Osaka,1,3,A,1.72,4.13,4.66,1.9,4.13,4.85,1.71,3.88,4.54,1.74,4.2,5.2,,,
Japan,J1 League,2025,06/05/2025,07:00,Nagoya Grampus,Okayama,0,0,D,2.56,3.04,3.19,2.57,3.16,3.26,2.44,3,3.11,2.62,3.05,3.3,,,
Japan,J1 League,2025,06/05/2025,08:00,Kashiwa Reysol,Shimizu S-Pulse,1,0,H,2.12,3.17,4.05,2.13,3.31,4.05,2.07,3.17,3.77,2.14,3.3,4.2,,,
Japan,J1 League,2025,06/05/2025,08:00,Verdy,Yokohama FC,2,0,H,3.23,2.77,2.76,3.25,2.88,3.21,3.07,2.72,2.7,3.35,2.86,2.78,,,
Japan,J1 League,2025,07/05/2025,11:00,Machida,Kyoto,1,2,A,1.97,3.33,4.39,2.06,3.33,4.39,1.98,3.21,4.04,2.06,3.35,4.5,,,
Japan,J1 League,2025,07/05/2025,11:00,Shonan Bellmare,Sanfrecce Hiroshima,0,1,A,3.89,3.39,2.07,3.89,3.45,2.12,3.76,3.28,2.02,4.1,3.45,2.08,,,
Japan,J1 League,2025,10/05/2025,06:00,Yokohama FC,Avispa Fukuoka,1,0,H,3.05,2.74,2.94,3.05,2.77,3.1,2.86,2.7,2.92,3.05,2.8,3.1,,,
Japan,J1 League,2025,10/05/2025,07:00,FC Tokyo,Vissel Kobe,1,0,H,4.54,3.57,1.87,4.55,3.57,2.09,4.11,3.41,1.9,4.6,3.6,1.93,,,
Japan,J1 League,2025,10/05/2025,08:00,Kashiwa Reysol,Okayama,2,0,H,2.21,3.1,3.94,2.21,3.2,4,2.15,3.04,3.77,2.24,3.25,4,,,
Japan,J1 League,2025,11/05/2025,05:05,Kashima Antlers,Kawasaki Frontale,2,1,H,2.83,3.57,2.51,2.83,3.57,2.63,2.69,3.46,2.48,2.82,3.65,2.62,,,
Japan,J1 League,2025,11/05/2025,05:05,Shimizu S-Pulse,Machida,2,2,D,3.1,2.98,2.67,3.2,3.29,2.67,2.98,3.04,2.51,3.15,3,2.74,,,
Japan,J1 League,2025,11/05/2025,06:00,Kyoto,Nagoya Grampus,1,1,D,3.22,3.01,2.61,3.22,3.02,2.75,2.96,2.94,2.62,3.2,3.05,2.74,,,
Japan,J1 League,2025,11/05/2025,06:05,Albirex Niigata,Urawa Reds,1,1,D,3.18,3.16,2.49,3.18,3.16,2.49,3.07,3.1,2.41,3.2,3.25,2.58,,,
Japan,J1 League,2025,11/05/2025,07:00,Cerezo Osaka,Yokohama F. Marinos,1,0,H,2.27,3.85,3,2.32,3.85,3.1,2.21,3.63,2.98,2.32,3.9,3.15,,,
Japan,J1 League,2025,11/05/2025,07:00,Gamba Osaka,Sanfrecce Hiroshima,0,1,A,3.23,3.28,2.39,3.23,3.45,2.44,3.07,3.21,2.34,3.4,3.4,2.42,,,
Japan,J1 League,2025,11/05/2025,07:00,Verdy,Shonan Bellmare,0,2,A,2.66,2.9,3.21,2.66,3.01,3.24,2.49,2.91,3.13,2.66,3.05,3.25,,,
Japan,J1 League,2025,14/05/2025,11:00,Kawasaki Frontale,Yokohama FC,2,1,H,1.85,3.58,4.66,1.85,3.74,5.2,1.78,3.52,4.72,1.83,3.8,5.1,,,
Japan,J1 League,2025,14/05/2025,11:00,Yokohama F. Marinos,Kashiwa Reysol,0,2,A,3.8,3.8,1.97,3.85,3.87,1.97,3.66,3.72,1.93,3.9,3.9,2.02,,,
Japan,J1 League,2025,17/05/2025,06:00,Machida,Kashiwa Reysol,3,0,H,2.38,3.03,3.54,2.51,3.05,3.54,2.39,2.98,3.28,2.56,3.05,3.4,,,
Japan,J1 League,2025,17/05/2025,06:00,Sanfrecce Hiroshima,Verdy,2,1,H,1.91,3.24,4.92,1.92,3.35,4.92,1.85,3.24,4.75,1.91,3.4,5.2,,,
Japan,J1 League,2025,17/05/2025,06:00,Vissel Kobe,Gamba Osaka,3,2,H,1.99,3.45,4.14,1.99,3.55,4.2,1.92,3.45,4,2.02,3.55,4.3,,,
Japan,J1 League,2025,17/05/2025,06:00,Yokohama F. Marinos,Kyoto,0,3,A,2.7,3.45,2.66,2.73,3.48,2.72,2.6,3.41,2.62,2.66,3.6,2.82,,,
Japan,J1 League,2025,17/05/2025,06:30,Avispa Fukuoka,Nagoya Grampus,1,1,D,3.01,2.94,2.78,3.05,2.95,2.86,2.92,2.85,2.74,3.15,2.92,2.86,,,
Japan,J1 League,2025,17/05/2025,07:00,Kashima Antlers,Shimizu S-Pulse,1,0,H,2.8,3.39,2.62,2.89,3.39,2.63,2.77,3.27,2.52,2.88,3.4,2.72,,,
Japan,J1 League,2025,17/05/2025,07:00,Shonan Bellmare,Yokohama FC,0,1,A,2.64,3.04,3.08,2.7,3.04,3.08,2.62,2.96,2.95,2.78,3.1,3.05,,,
Japan,J1 League,2025,17/05/2025,08:00,Urawa Reds,FC Tokyo,3,2,H,2.08,3.4,3.85,2.08,3.5,4.1,2,3.33,3.83,2.1,3.5,4.1,,,
Japan,J1 League,2025,18/05/2025,07:00,Kawasaki Frontale,Cerezo Osaka,2,0,H,1.7,4.24,4.68,1.78,4.25,4.68,1.72,4.02,4.37,1.76,4.3,4.7,,,
Japan,J1 League,2025,18/05/2025,07:00,Okayama,Albirex Niigata,2,1,H,2.69,2.84,3.23,2.73,2.95,3.25,2.62,2.83,3.06,2.68,3,3.3,,,
Japan,J1 League,2025,21/05/2025,11:00,Kawasaki Frontale,Urawa Reds,2,2,D,2.05,3.59,3.75,2.1,3.59,3.87,2.01,3.48,3.62,2.06,3.75,3.9,,,
Japan,J1 League,2025,21/05/2025,11:00,Yokohama F. Marinos,Vissel Kobe,1,2,A,5.17,4.36,1.63,5.3,4.39,1.65,5,4.15,1.61,5.5,4.4,1.66,,,
Japan,J1 League,2025,24/05/2025,07:00,Cerezo Osaka,Avispa Fukuoka,2,0,H,2.27,3.3,3.45,2.31,3.33,3.7,2.2,3.23,3.36,2.32,3.4,3.55,,,
Japan,J1 League,2025,24/05/2025,09:30,Nagoya Grampus,Urawa Reds,2,1,H,2.38,3.22,3.3,2.41,3.22,3.3,2.35,3.09,3.2,2.48,3.25,3.4,,,
Japan,J1 League,2025,25/05/2025,05:00,Okayama,Machida,2,2,D,3.91,3.19,2.15,3.96,3.21,2.17,3.79,3.08,2.11,4,3.3,2.2,,,
Japan,J1 League,2025,25/05/2025,06:00,Albirex Niigata,Shonan Bellmare,2,1,H,2.25,3.5,3.3,2.33,3.5,3.4,2.23,3.36,3.19,2.3,3.45,3.5,,,
Japan,J1 League,2025,25/05/2025,06:00,Shimizu S-Pulse,Vissel Kobe,3,2,H,3.46,3.47,2.19,3.72,3.47,2.21,3.41,3.3,2.15,3.6,3.45,2.26,,,
Japan,J1 League,2025,25/05/2025,06:00,Yokohama F. Marinos,Kashima Antlers,3,1,H,2.58,3.66,2.69,2.8,3.7,2.8,2.56,3.53,2.59,2.7,3.65,2.76,,,
Japan,J1 League,2025,25/05/2025,06:00,Yokohama FC,Kashiwa Reysol,1,1,D,3.58,3.02,2.36,3.61,3.03,2.4,3.45,2.98,2.29,3.65,3.1,2.4,,,
Japan,J1 League,2025,25/05/2025,07:00,FC Tokyo,Sanfrecce Hiroshima,0,3,A,4.27,3.66,1.89,4.27,3.66,1.93,4.12,3.51,1.87,4.5,3.7,1.94,,,
Japan,J1 League,2025,25/05/2025,07:00,Verdy,Kyoto,1,0,H,2.43,3.07,3.38,2.46,3.13,3.38,2.38,3.02,3.21,2.48,3.2,3.4,,,
Japan,J1 League,2025,25/05/2025,08:00,Kawasaki Frontale,Gamba Osaka,2,2,D,2.25,3.54,3.26,2.26,3.54,3.47,2.18,3.41,3.23,2.28,3.65,3.4,,,
Japan,J1 League,2025,28/05/2025,11:30,Urawa Reds,Cerezo Osaka,0,0,D,2.24,3.68,3.18,2.28,3.68,3.3,2.17,3.54,3.15,2.28,3.7,3.35,,,
Japan,J1 League,2025,31/05/2025,06:00,Avispa Fukuoka,Verdy,0,0,D,2.95,2.69,3.1,2.95,2.7,3.1,2.84,2.65,3,3,2.82,3.05,,,
Japan,J1 League,2025,31/05/2025,06:00,Machida,Yokohama F. Marinos,0,3,A,1.75,4.07,4.56,1.79,4.33,4.56,1.75,3.95,4.23,1.8,4.1,4.7,,,
Japan,J1 League,2025,31/05/2025,06:00,Nagoya Grampus,Albirex Niigata,3,0,H,2.24,3.2,3.63,2.24,3.3,3.7,2.14,3.19,3.55,2.26,3.3,3.75,,,
Japan,J1 League,2025,31/05/2025,08:00,Kashiwa Reysol,Vissel Kobe,1,3,A,2.7,3.13,2.92,2.7,3.2,3,2.63,3.07,2.81,2.82,3.2,2.94,,,
Japan,J1 League,2025,31/05/2025,09:30,Sanfrecce Hiroshima,Kawasaki Frontale,1,2,A,2.16,3.52,3.47,2.23,3.52,3.74,2.1,3.41,3.41,2.18,3.6,3.65,,,
Japan,J1 League,2025,31/05/2025,10:00,Gamba Osaka,Kashima Antlers,0,1,A,2.39,3.61,2.95,2.48,3.61,3.05,2.34,3.43,2.91,2.42,3.6,3.1,,,
Japan,J1 League,2025,31/05/2025,11:00,Kyoto,FC Tokyo,3,0,H,2.37,3.42,3.13,2.39,3.45,3.21,2.32,3.32,3.06,2.4,3.5,3.25,,,
Japan,J1 League,2025,01/06/2025,07:03,Cerezo Osaka,Shimizu S-Pulse,4,2,H,2.62,3.73,2.61,2.65,3.73,2.89,2.47,3.59,2.65,2.68,3.9,2.64,,,
Japan,J1 League,2025,01/06/2025,07:03,Shonan Bellmare,Okayama,1,1,D,2.61,3.12,3.04,2.61,3.2,3.1,2.49,3.08,2.98,2.56,3.25,3.05,,,
Japan,J1 League,2025,01/06/2025,08:04,Urawa Reds,Yokohama FC,2,1,H,2.17,3.19,3.84,2.19,3.19,3.95,2.11,3.07,3.8,2.2,3.3,3.9,,,
Japan,J1 League,2025,14/06/2025,09:30,Shonan Bellmare,Machida,1,2,A,4.13,3.33,2.03,4.2,3.33,2.03,4.07,3.16,1.92,4.5,3.45,2.02,,,
Japan,J1 League,2025,14/06/2025,10:00,Kashima Antlers,Sanfrecce Hiroshima,1,1,D,3.09,3.41,2.4,3.15,3.41,2.4,3.02,3.18,2.3,3.2,3.55,2.44,,,
Japan,J1 League,2025,14/06/2025,10:00,Yokohama FC,Kawasaki Frontale,0,1,A,3.24,3.48,2.28,3.3,3.48,2.28,3.15,3.23,2.2,3.5,3.5,2.3,,,
Japan,J1 League,2025,14/06/2025,11:00,FC Tokyo,Cerezo Osaka,2,2,D,3.07,3.8,2.25,3.1,3.8,2.25,2.98,3.5,2.19,3.2,3.85,2.32,,,
Japan,J1 League,2025,15/06/2025,06:00,Albirex Niigata,Yokohama F. Marinos,1,0,H,2.15,3.67,3.36,2.2,3.7,3.36,2.13,3.51,3.09,2.24,3.7,3.4,,,
Japan,J1 League,2025,15/06/2025,10:00,Okayama,Avispa Fukuoka,0,1,A,2.58,2.95,3.26,2.63,3,3.3,2.45,2.87,3.12,2.6,3.1,3.35,,,
Japan,J1 League,2025,15/06/2025,10:00,Verdy,Kashiwa Reysol,0,3,A,4.03,3.17,2.13,4.03,3.2,2.2,3.63,3.04,2.11,4,3.25,2.18,,,
Japan,J1 League,2025,15/06/2025,10:00,Vissel Kobe,Nagoya Grampus,2,1,H,2.07,3.22,4.15,2.07,3.35,4.15,1.98,3.14,3.9,2.1,3.25,4.4,,,
Japan,J1 League,2025,15/06/2025,10:30,Shimizu S-Pulse,Gamba Osaka,0,0,D,2.68,3.43,2.7,2.68,3.43,2.7,2.61,3.27,2.56,2.74,3.55,2.78,,,
Japan,J1 League,2025,21/06/2025,08:00,Avispa Fukuoka,Albirex Niigata,3,2,H,2.55,3.09,3.15,2.65,3.15,3.2,2.51,2.98,2.92,2.9,3.15,2.88,,,
Japan,J1 League,2025,21/06/2025,08:00,Machida,Kashima Antlers,2,1,H,1.87,3.64,4.47,2.02,3.7,4.47,1.92,3.39,3.83,2.08,3.65,4,,,
Japan,J1 League,2025,21/06/2025,10:30,Cerezo Osaka,Verdy,2,1,H,2.01,3.45,4.04,2.05,3.5,4.04,1.96,3.34,3.72,2.08,3.65,3.95,,,
Japan,J1 League,2025,21/06/2025,11:00,Kashiwa Reysol,Kyoto,3,3,D,1.98,3.54,4.04,2,3.54,4.04,1.95,3.33,3.77,2.06,3.6,4.1,,,
Japan,J1 League,2025,21/06/2025,11:00,Kawasaki Frontale,Vissel Kobe,1,2,A,2.59,3.48,2.78,2.6,3.48,2.8,2.52,3.28,2.64,2.64,3.6,2.86,,,
Japan,J1 League,2025,21/06/2025,11:00,Nagoya Grampus,Shimizu S-Pulse,1,1,D,2.53,3.23,3.04,2.55,3.3,3.04,2.41,3.17,2.85,2.58,3.35,3.15,,,
Japan,J1 League,2025,21/06/2025,11:00,Yokohama F. Marinos,Okayama,0,1,A,2.11,3.67,3.47,2.25,3.67,3.5,2.11,3.41,3.2,2.3,3.65,3.35,,,
Japan,J1 League,2025,22/06/2025,10:00,Yokohama FC,Sanfrecce Hiroshima,0,4,A,4.07,3.43,2.01,4.1,3.43,2.01,3.83,3.24,1.96,4.1,3.55,2.08,,,
Japan,J1 League,2025,22/06/2025,10:30,Gamba Osaka,FC Tokyo,2,0,H,1.84,3.85,4.31,1.87,3.85,4.33,1.83,3.59,3.95,1.91,3.9,4.4,,,
Japan,J1 League,2025,25/06/2025,11:00,Kawasaki Frontale,Albirex Niigata,3,1,H,1.74,3.9,4.92,1.75,3.9,4.92,1.71,3.72,4.39,1.8,4.1,4.9,,,
Japan,J1 League,2025,25/06/2025,11:30,Yokohama F. Marinos,FC Tokyo,0,3,A,2.16,3.85,3.22,2.16,3.85,3.22,2.11,3.63,3.03,2.24,3.95,3.2,,,
Japan,J1 League,2025,28/06/2025,10:00,Kashima Antlers,Okayama,1,2,A,1.81,3.48,5.09,1.82,3.6,5.09,1.77,3.42,4.5,1.88,3.55,5.1,,,
Japan,J1 League,2025,28/06/2025,10:30,Shimizu S-Pulse,Kashiwa Reysol,0,2,A,2.82,3.49,2.55,2.95,3.49,2.55,2.79,3.32,2.37,2.88,3.65,2.58,,,
Japan,J1 League,2025,28/06/2025,11:00,Avispa Fukuoka,Vissel Kobe,0,0,D,4.15,3.25,2.03,4.25,3.3,2.03,4.01,3.13,1.95,4.3,3.3,2.12,,,
Japan,J1 League,2025,28/06/2025,11:00,FC Tokyo,Yokohama FC,2,1,H,2.26,3.33,3.44,2.26,3.33,3.5,2.19,3.15,3.28,2.4,3.35,3.4,,,
Japan,J1 League,2025,28/06/2025,11:00,Kyoto,Gamba Osaka,3,1,H,2.73,3.38,2.68,2.8,3.38,2.68,2.63,3.23,2.58,2.92,3.5,2.64,,,
Japan,J1 League,2025,28/06/2025,11:00,Sanfrecce Hiroshima,Nagoya Grampus,1,2,A,1.81,3.76,4.62,1.81,3.76,4.7,1.75,3.58,4.39,1.9,3.75,4.7,,,
Japan,J1 League,2025,28/06/2025,11:00,Shonan Bellmare,Yokohama F. Marinos,1,1,D,2.24,3.82,3.07,2.3,3.82,3.2,2.14,3.5,3.04,2.22,3.8,3.45,,,
Japan,J1 League,2025,29/06/2025,10:00,Albirex Niigata,Machida,0,4,A,3.99,3.3,2.08,4.2,3.3,2.08,3.78,3.22,1.98,4.3,3.5,2.04,,,
Japan,J1 League,2025,29/06/2025,10:00,Verdy,Kawasaki Frontale,1,0,H,3.48,3.22,2.3,3.55,3.25,2.3,3.42,3.14,2.14,3.75,3.35,2.26,,,
Japan,J1 League,2025,02/07/2025,11:00,Vissel Kobe,Sanfrecce Hiroshima,1,0,H,2.6,3.32,2.88,2.6,3.32,3.1,2.46,3.15,2.84,2.6,3.45,3,,,
Japan,J1 League,2025,05/07/2025,10:00,Machida,Shimizu S-Pulse,3,0,H,1.76,3.85,4.69,1.77,3.85,4.75,1.71,3.69,4.47,1.78,4,5.1,,,
Japan,J1 League,2025,05/07/2025,10:55,Okayama,Sanfrecce Hiroshima,0,1,A,4.32,3.44,1.93,4.32,3.5,1.95,4,3.31,1.9,4.4,3.6,2,,,
Japan,J1 League,2025,05/07/2025,11:00,Cerezo Osaka,Gamba Osaka,0,1,A,2.27,3.66,3.09,2.27,3.66,3.1,2.21,3.44,2.96,2.34,3.75,3.15,,,
Japan,J1 League,2025,05/07/2025,11:00,Kashiwa Reysol,FC Tokyo,1,0,H,1.86,3.74,4.24,1.86,3.8,4.3,1.79,3.68,3.99,1.88,3.9,4.5,,,
Japan,J1 League,2025,05/07/2025,11:00,Kawasaki Frontale,Kashima Antlers,2,1,H,2.21,3.71,3.17,2.21,3.71,3.17,2.14,3.49,3.05,2.26,3.8,3.3,,,
Japan,J1 League,2025,05/07/2025,11:00,Kyoto,Albirex Niigata,2,1,H,1.78,3.84,4.58,1.83,3.84,4.6,1.77,3.61,4.2,1.96,3.85,4.2,,,
Japan,J1 League,2025,05/07/2025,11:00,Nagoya Grampus,Verdy,0,0,D,2.42,2.87,3.62,2.42,3.05,3.62,2.26,2.9,3.42,2.48,3,3.6,,,
Japan,J1 League,2025,05/07/2025,11:00,Vissel Kobe,Shonan Bellmare,4,0,H,1.53,4.16,6.66,1.55,4.35,7,1.49,4.05,6.22,1.57,4.3,7.2,,,
Japan,J1 League,2025,05/07/2025,11:00,Yokohama FC,Yokohama F. Marinos,0,1,A,2.38,3.46,3.05,2.38,3.46,3.1,2.28,3.29,2.98,2.36,3.55,3.2,,,
Japan,J1 League,2025,19/07/2025,11:00,FC Tokyo,Urawa Reds,3,2,H,2.54,3.41,2.89,2.63,3.41,2.89,2.51,3.26,2.67,2.62,3.5,2.92,,,
Japan,J1 League,2025,19/07/2025,11:00,Shonan Bellmare,Cerezo Osaka,3,3,D,4.16,4,1.84,4.2,4,1.88,3.9,3.69,1.8,4.2,4.1,1.89,,,
Japan,J1 League,2025,20/07/2025,10:00,Kashima Antlers,Kashiwa Reysol,3,2,H,2.72,3.37,2.7,2.72,3.37,2.7,2.6,3.22,2.58,2.86,3.45,2.72,,,
Japan,J1 League,2025,20/07/2025,10:00,Verdy,Machida,0,1,A,4.52,3.27,1.97,4.52,3.4,1.97,4.33,3.14,1.88,4.6,3.3,2.04,,,
Japan,J1 League,2025,20/07/2025,10:30,Shimizu S-Pulse,Yokohama FC,2,0,H,2.4,3.15,3.35,2.5,3.2,3.35,2.33,3.08,3.05,2.46,3.2,3.45,,,
Japan,J1 League,2025,20/07/2025,11:00,Albirex Niigata,Sanfrecce Hiroshima,0,2,A,6.23,4.18,1.56,6.5,4.18,1.57,5.72,3.98,1.52,6.8,4.4,1.58,,,
Japan,J1 League,2025,20/07/2025,11:00,Gamba Osaka,Kawasaki Frontale,2,1,H,2.71,3.5,2.63,2.71,3.5,2.63,2.62,3.37,2.47,2.84,3.7,2.6,,,
Japan,J1 League,2025,20/07/2025,11:00,Okayama,Vissel Kobe,1,2,A,5.2,3.56,1.78,5.33,3.56,1.78,4.81,3.4,1.72,5.6,3.7,1.79,,,
Japan,J1 League,2025,20/07/2025,11:00,Yokohama F. Marinos,Nagoya Grampus,3,0,H,2.81,3.29,2.67,2.81,3.29,2.7,2.66,3.15,2.55,2.92,3.4,2.74,,,
Japan,J1 League,2025,21/07/2025,10:00,Avispa Fukuoka,Kyoto,2,2,D,2.75,3.1,2.88,2.75,3.15,2.88,2.65,3.02,2.67,2.84,3.2,2.92,,,
Japan,J1 League,2025,23/07/2025,11:30,Urawa Reds,Shonan Bellmare,4,1,H,1.65,4.01,5.5,1.67,4.01,5.5,1.63,3.7,5,1.72,4.1,5.5,,,
Japan,J1 League,2025,27/07/2025,11:00,Urawa Reds,Avispa Fukuoka,0,0,D,2.03,3.4,4.06,2.03,3.4,4.1,1.93,3.25,3.92,2.08,3.4,4.2,,,
Japan,J1 League,2025,09/08/2025,10:00,Verdy,Yokohama F. Marinos,1,0,H,2.51,3.33,2.99,2.38,3.25,3.25,2.28,3.11,3.09,2.42,3.25,3.4,,,
Japan,J1 League,2025,09/08/2025,10:00,Yokohama FC,Urawa Reds,1,2,A,3.19,3.17,2.47,3.3,3.2,2.38,3.14,3.08,2.28,3.45,3.3,2.42,,,
Japan,J1 League,2025,09/08/2025,11:00,Kawasaki Frontale,Avispa Fukuoka,2,5,A,1.92,3.61,4.24,1.9,3.6,4.2,1.84,3.46,4.02,1.93,3.7,4.5,,,
Japan,J1 League,2025,10/08/2025,10:30,Sanfrecce Hiroshima,Shimizu S-Pulse,0,0,D,1.63,4.01,5.77,1.62,4,5.75,1.59,3.91,5.13,1.64,4.2,6,,,
Japan,J1 League,2025,10/08/2025,11:00,FC Tokyo,Kashima Antlers,0,1,A,2.52,3.38,2.94,2.4,3.5,2.9,2.32,3.31,2.86,2.5,3.6,3,,,
Japan,J1 League,2025,10/08/2025,11:00,Gamba Osaka,Okayama,0,3,A,1.97,3.56,4.07,2,3.6,3.9,1.94,3.41,3.66,2.1,3.65,3.9,,,
Japan,J1 League,2025,10/08/2025,11:00,Kashiwa Reysol,Shonan Bellmare,2,0,H,1.6,4.36,5.58,1.55,4.5,5.8,1.51,4.25,5.45,1.6,4.5,6,,,
Japan,J1 League,2025,10/08/2025,11:00,Machida,Vissel Kobe,2,0,H,2.74,3.12,2.86,2.4,3.13,3.4,2.29,3.04,3.15,2.38,3.3,3.55,,,
Japan,J1 League,2025,10/08/2025,11:00,Nagoya Grampus,Kyoto,1,2,A,2.71,3.28,2.78,2.63,3.3,2.75,2.54,3.2,2.65,2.72,3.4,2.86,,,
Japan,J1 League,2025,11/08/2025,11:00,Cerezo Osaka,Albirex Niigata,3,1,H,1.74,4.12,4.56,1.75,4.3,4.4,1.69,3.98,4.23,1.76,4.3,4.9,,,
Japan,J1 League,2025,16/08/2025,10:00,Kashima Antlers,Avispa Fukuoka,1,1,D,2.12,3.32,3.84,2.1,3.25,3.9,2.07,3.14,3.55,2.2,3.4,3.85,2.05,3.2,3.9
Japan,J1 League,2025,16/08/2025,10:30,Shimizu S-Pulse,Yokohama F. Marinos,1,3,A,2.13,3.72,3.39,2.2,3.8,3.3,2.1,3.52,3.14,2.24,3.85,3.3,2.15,3.6,3.2
Japan,J1 League,2025,16/08/2025,11:00,Albirex Niigata,Kawasaki Frontale,1,1,D,3.96,3.75,1.94,4.33,3.8,1.86,3.93,3.68,1.8,4.3,4.1,1.88,4.33,3.75,1.75
Japan,J1 League,2025,16/08/2025,11:00,Kyoto,Verdy,1,0,H,2.19,3.23,3.75,2.3,3.3,3.6,2.15,3.12,3.39,2.28,3.35,3.65,2.25,3.1,3.3
Japan,J1 League,2025,16/08/2025,11:00,Machida,Cerezo Osaka,3,0,H,1.97,3.79,3.79,2.05,3.9,3.6,1.99,3.57,3.36,2.12,3.8,3.65,2.05,3.5,3.4
Japan,J1 League,2025,16/08/2025,11:00,Sanfrecce Hiroshima,Gamba Osaka,1,0,H,1.73,3.92,4.91,1.75,3.9,4.75,1.72,3.67,4.4,1.81,4,4.8,1.73,3.75,4.5
Japan,J1 League,2025,16/08/2025,11:00,Shonan Bellmare,FC Tokyo,2,2,D,3.81,3.72,1.99,3.6,3.55,2.1,3.45,3.33,2.03,3.65,3.7,2.16,3.6,3.4,2
Japan,J1 League,2025,16/08/2025,11:00,Urawa Reds,Nagoya Grampus,2,1,H,2.07,3.31,4.02,2.1,3.3,3.95,2.04,3.19,3.56,2.16,3.5,3.85,2.1,3.25,3.6
Japan,J1 League,2025,16/08/2025,11:00,Vissel Kobe,Yokohama FC,0,1,A,1.53,4.09,7.28,1.46,4.7,9.5,1.37,4.33,8.26,1.43,4.7,9.8,1.38,4.33,9
Japan,J1 League,2025,17/08/2025,10:00,Okayama,Kashiwa Reysol,2,1,H,4.38,3.63,1.88,4.33,3.5,1.93,4,3.38,1.86,4.5,3.65,1.97,4.1,3.5,1.85
Japan,J1 League,2025,20/08/2025,11:00,Machida,Gamba Osaka,3,1,H,1.9,3.49,4.52,1.95,3.7,4.2,1.84,3.41,4.08,1.92,3.6,4.7,1.91,3.4,3.9
Japan,J1 League,2025,20/08/2025,11:00,Sanfrecce Hiroshima,Vissel Kobe,0,1,A,2.45,3.14,3.26,2.5,3.25,3.2,2.39,3.04,2.98,2.5,3.25,3.3,2.5,3,3
Japan,J1 League,2025,22/08/2025,11:00,Kashiwa Reysol,Urawa Reds,4,2,H,1.99,3.61,3.95,2.02,3.7,4,1.92,3.49,3.62,2.02,3.75,4.1,1.95,3.6,3.75
Japan,J1 League,2025,23/08/2025,10:00,Avispa Fukuoka,Shimizu S-Pulse,0,0,D,2.17,3.29,3.7,2.3,3.4,3.6,2.12,3.19,3.38,2.26,3.35,3.75,2.15,3.2,3.6
Japan,J1 League,2025,23/08/2025,11:00,Albirex Niigata,Kashima Antlers,1,2,A,3.53,3.51,2.15,3.6,3.5,2.1,3.34,3.36,2.06,3.65,3.65,2.16,3.3,3.5,2.1
Japan,J1 League,2025,23/08/2025,11:00,Cerezo Osaka,Vissel Kobe,1,1,D,3.11,3.63,2.29,3.25,3.4,2.28,3.04,3.25,2.24,3.3,3.55,2.36,3.2,3.25,2.25
Japan,J1 League,2025,23/08/2025,11:00,Gamba Osaka,Yokohama FC,3,2,H,2.11,3.3,3.89,1.95,3.5,4.2,1.91,3.31,3.91,1.97,3.6,4.5,1.91,3.5,3.8
Japan,J1 League,2025,23/08/2025,11:00,Nagoya Grampus,Kawasaki Frontale,3,4,A,2.89,3.39,2.55,2.6,3.55,2.8,2.39,3.38,2.72,2.62,3.45,2.98,2.38,3.5,2.8
Japan,J1 League,2025,23/08/2025,11:00,Okayama,Shonan Bellmare,1,0,H,1.9,3.61,4.31,1.98,3.5,4.2,1.91,3.38,3.81,2.02,3.7,4.1,1.91,3.5,4
Japan,J1 League,2025,23/08/2025,11:00,Verdy,Sanfrecce Hiroshima,0,3,A,4.7,3.34,1.92,3.95,3.2,2.25,3.71,2.96,2.11,3.95,3.15,2.28,3.5,3.2,2.2
Japan,J1 League,2025,23/08/2025,11:30,Yokohama F. Marinos,Machida,0,0,D,4.29,3.68,1.89,4.25,3.9,1.92,3.97,3.55,1.82,4.5,3.85,1.91,3.7,3.9,1.85
Japan,J1 League,2025,24/08/2025,11:00,FC Tokyo,Kyoto,0,4,A,2.55,3.45,2.85,2.55,3.6,2.75,2.44,3.35,2.68,2.6,3.55,2.96,2.5,3.3,2.75
Japan,J1 League,2025,30/08/2025,10:00,Yokohama FC,Verdy,0,0,D,2.99,2.84,2.88,3,2.88,2.75,2.9,2.74,2.67,3.2,2.9,2.82,2.8,2.77,2.65
Japan,J1 League,2025,30/08/2025,11:00,Kyoto,Okayama,5,0,H,2.04,3.41,4,2.15,3.5,3.75,2,3.36,3.53,2.16,3.55,3.8,2.01,3.5,3.5
Japan,J1 League,2025,30/08/2025,11:00,Vissel Kobe,Yokohama F. Marinos,1,0,H,1.51,4.53,6.62,1.5,4.5,7,1.46,4.31,6.04,1.51,4.7,7.4,1.45,4.33,6
Japan,J1 League,2025,31/08/2025,10:30,Shimizu S-Pulse,Kashima Antlers,1,1,D,2.92,3.47,2.48,3.13,3.65,2.35,2.96,3.35,2.24,3.25,3.55,2.38,3.1,3.4,2.2
Japan,J1 League,2025,31/08/2025,11:00,Cerezo Osaka,Sanfrecce Hiroshima,1,1,D,3.07,3.58,2.19,3.3,3.6,2.25,3.05,3.37,2.17,3.3,3.6,2.3,3.3,3.25,2.15
Japan,J1 League,2025,31/08/2025,11:00,Kashiwa Reysol,Avispa Fukuoka,2,1,H,1.72,3.79,5.23,1.73,3.75,6,1.69,3.52,4.83,1.79,3.75,5.5,1.62,3.75,5
Japan,J1 League,2025,31/08/2025,11:00,Kawasaki Frontale,Machida,5,3,H,3.3,3.46,2.27,2.9,3.5,2.5,2.78,3.33,2.33,2.88,3.6,2.62,2.65,3.25,2.15
Japan,J1 League,2025,31/08/2025,11:00,Nagoya Grampus,FC Tokyo,1,1,D,2.33,3.45,3.19,2.38,3.5,3.1,2.27,3.28,2.93,2.4,3.4,3.35,2.25,3.4,2.8
Japan,J1 League,2025,31/08/2025,11:00,Shonan Bellmare,Gamba Osaka,4,5,A,3.77,3.53,2.06,4.5,3.6,1.88,4.1,3.4,1.83,4.4,3.55,2,4.33,3.5,1.75
Japan,J1 League,2025,31/08/2025,11:00,Urawa Reds,Albirex Niigata,1,0,H,1.72,3.97,4.92,1.75,4,4.8,1.69,3.75,4.42,1.77,4.1,5,1.62,3.8,4.75
Japan,J1 League,2025,12/09/2025,11:00,Machida,Yokohama FC,1,1,D,1.52,4.21,7.15,1.5,4.33,8,1.46,4.03,6.86,1.52,4.4,8.2,1.45,4.33,6.5
Japan,J1 League,2025,12/09/2025,11:00,Sanfrecce Hiroshima,Kyoto,1,1,D,1.93,3.87,3.91,1.91,3.9,4,1.86,3.62,3.72,1.96,4,4,1.86,3.9,3.6
Japan,J1 League,2025,12/09/2025,11:00,Vissel Kobe,Kashiwa Reysol,0,0,D,2.57,3.4,2.86,2.5,3.45,2.9,2.4,3.27,2.77,2.6,3.5,2.96,2.5,3.3,2.65
Japan,J1 League,2025,13/09/2025,10:00,Avispa Fukuoka,Cerezo Osaka,2,4,A,3.42,3.4,2.24,3.4,3.4,2.25,3.17,3.24,2.18,3.45,3.5,2.3,3.25,3.3,2.15
Japan,J1 League,2025,13/09/2025,10:55,Okayama,Nagoya Grampus,0,1,A,2.79,3.25,2.72,2.8,3.25,2.7,2.68,3.1,2.6,2.96,3.3,2.7,2.7,3.1,2.57
Japan,J1 League,2025,13/09/2025,11:00,Albirex Niigata,Shimizu S-Pulse,0,1,A,2.88,3.41,2.54,2.38,3.3,3.1,2.34,3.22,2.91,2.48,3.4,3.2,2.35,3.25,2.85
Japan,J1 League,2025,13/09/2025,11:00,Gamba Osaka,Urawa Reds,1,0,H,2.32,3.42,3.22,2.05,3.6,3.7,1.99,3.44,3.46,2.08,3.75,3.8,1.91,3.6,3.6
Japan,J1 League,2025,13/09/2025,11:00,Kashima Antlers,Shonan Bellmare,3,0,H,1.56,4.32,6.06,1.53,4.5,6,1.49,4.26,5.53,1.54,4.8,6.4,1.46,4.5,5.75
Japan,J1 League,2025,13/09/2025,11:00,Yokohama F. Marinos,Kawasaki Frontale,0,3,A,3.13,3.79,2.22,3.35,3.8,2.1,3.15,3.61,2.04,3.4,4,2.14,3.1,3.8,2.05
Japan,J1 League,2025,15/09/2025,11:00,FC Tokyo,Verdy,1,0,H,2.35,2.99,3.66,2.45,3.15,3.5,2.35,2.99,3.11,2.5,3.2,3.35,2.35,3.1,3.1
Japan,J1 League,2025,20/09/2025,09:00,Nagoya Grampus,Shonan Bellmare,3,1,H,1.77,3.92,4.65,1.8,3.8,4.75,1.75,3.59,4.28,1.87,3.85,4.7,1.76,3.8,4
Japan,J1 League,2025,20/09/2025,10:00,Verdy,Okayama,4,2,H,2.36,2.98,3.67,2.35,2.95,3.9,2.26,2.8,3.52,2.38,2.92,4,2.2,2.75,3.9
Japan,J1 League,2025,20/09/2025,10:00,Yokohama FC,Albirex Niigata,1,0,H,2.39,3.08,3.45,2.3,3.25,3.6,2.2,3.12,3.25,2.3,3.35,3.65,2.1,3.25,3.5
Japan,J1 League,2025,20/09/2025,10:30,Cerezo Osaka,Kashiwa Reysol,1,1,D,2.98,3.8,2.3,2.7,3.6,2.6,2.6,3.52,2.41,2.76,3.8,2.64,2.45,3.6,2.5
Japan,J1 League,2025,20/09/2025,11:00,Kawasaki Frontale,FC Tokyo,0,1,A,1.84,4.03,4.13,1.86,4.1,4.2,1.76,3.88,3.92,1.91,4.1,4.1,1.71,4.1,4.1
Japan,J1 League,2025,20/09/2025,11:00,Kyoto,Shimizu S-Pulse,0,1,A,1.99,3.59,3.96,2.2,3.4,3.4,2.11,3.32,3.24,2.32,3.45,3.4,2.15,3.4,3.1
Japan,J1 League,2025,20/09/2025,11:00,Urawa Reds,Kashima Antlers,0,1,A,2.61,3.54,2.72,2.57,3.5,2.7,2.47,3.36,2.62,2.7,3.65,2.78,2.5,3.5,2.57
Japan,J1 League,2025,20/09/2025,11:00,Yokohama F. Marinos,Avispa Fukuoka,2,0,H,2.75,3.23,2.77,2.6,3.2,2.88,2.51,3.09,2.76,2.74,3.3,2.96,2.55,3,2.82
Japan,J1 League,2025,23/09/2025,06:00,Albirex Niigata,Nagoya Grampus,0,0,D,3.01,3.36,2.48,2.8,3.35,2.75,2.65,3.17,2.57,2.8,3.35,2.82,2.57,3.2,2.65
Japan,J1 League,2025,23/09/2025,10:00,FC Tokyo,Avispa Fukuoka,1,0,H,2.23,3.32,3.53,2.25,3.3,3.4,2.18,3.15,3.26,2.3,3.3,3.6,2.15,3.2,3.4
Japan,J1 League,2025,23/09/2025,10:00,Kashima Antlers,Cerezo Osaka,3,1,H,1.79,3.97,4.45,1.8,3.9,4.2,1.78,3.72,3.93,1.89,4,4.3,1.76,3.9,4.1
Japan,J1 League,2025,23/09/2025,10:00,Okayama,Yokohama FC,0,0,D,2.6,3.01,3.15,2.5,3,3.2,2.45,2.9,3.02,2.6,3.1,3.3,2.45,2.82,3.2
Japan,J1 League,2025,23/09/2025,10:00,Shimizu S-Pulse,Urawa Reds,0,0,D,3.21,3.47,2.31,3.13,3.45,2.35,2.96,3.28,2.25,3.3,3.55,2.34,3,3.25,2.05
Japan,J1 League,2025,23/09/2025,11:00,Gamba Osaka,Yokohama F. Marinos,3,1,H,1.67,4.19,5.05,1.67,4.2,5.5,1.6,3.95,4.81,1.69,4.3,5.4,1.56,4.1,4.75
Japan,J1 League,2025,23/09/2025,11:00,Kashiwa Reysol,Sanfrecce Hiroshima,0,0,D,2.97,3.22,2.59,2.88,3.3,2.6,2.79,3.12,2.47,3,3.3,2.7,2.75,3.1,2.5
Japan,J1 League,2025,23/09/2025,11:00,Kyoto,Machida,1,1,D,3.74,3.29,2.16,3.7,3.4,2.16,3.37,3.24,2.1,3.8,3.5,2.18,3.7,3.4,2.01
Japan,J1 League,2025,23/09/2025,11:00,Shonan Bellmare,Kawasaki Frontale,1,2,A,4.85,4.37,1.67,5.25,4.33,1.63,4.79,4.03,1.6,5.3,4.4,1.7,5,4.2,1.56
Japan,J1 League,2025,23/09/2025,11:00,Vissel Kobe,Verdy,4,0,H,1.71,3.45,6.12,1.68,3.4,6.5,1.64,3.26,5.81,1.71,3.6,7,1.57,3.1,5.75
Japan,J1 League,2025,27/09/2025,08:00,Machida,Okayama,1,0,H,1.61,4.12,5.84,1.67,3.8,5.5,1.63,3.68,5.07,1.7,4,5.7,1.61,3.8,5.25
Japan,J1 League,2025,27/09/2025,09:00,Gamba Osaka,Albirex Niigata,4,2,H,1.63,4.22,5.36,1.66,4.2,5.75,1.6,3.9,4.93,1.69,4.3,5.5,1.56,4.2,5
Japan,J1 League,2025,27/09/2025,09:00,Nagoya Grampus,Kashima Antlers,0,4,A,3.26,3.41,2.31,3.3,3.4,2.3,3.04,3.24,2.25,3.3,3.5,2.38,3.1,3.4,2.2
Japan,J1 League,2025,27/09/2025,10:00,Avispa Fukuoka,Sanfrecce Hiroshima,1,2,A,3.55,3.29,2.23,3.65,3.4,2.3,3.42,3.14,2.11,3.75,3.35,2.24,3.3,3.4,2.05
Japan,J1 League,2025,27/09/2025,10:00,Verdy,Urawa Reds,0,0,D,3.61,3.22,2.24,3.5,3.2,2.3,3.33,3.1,2.17,3.65,3.35,2.32,3.5,3.2,2.1
Japan,J1 League,2025,27/09/2025,11:00,Vissel Kobe,Shimizu S-Pulse,2,1,H,1.48,4.5,7.17,1.54,4.33,7.5,1.47,4.05,6.41,1.51,4.5,7.8,1.42,4.2,7
Japan,J1 League,2025,28/09/2025,09:00,Yokohama FC,Shonan Bellmare,1,0,H,2.01,3.38,4.16,2.05,3.4,4.2,1.94,3.25,3.87,2,3.6,4.4,1.96,3.25,3.9
Japan,J1 League,2025,28/09/2025,10:00,FC Tokyo,Yokohama F. Marinos,2,3,A,2.06,3.5,3.81,2.35,3.5,3.2,2.26,3.3,2.95,2.38,3.55,3.25,2.3,3.25,3
Japan,J1 League,2025,28/09/2025,10:30,Cerezo Osaka,Kyoto,1,2,A,2.23,3.94,3.03,2.25,3.8,3,2.22,3.62,2.81,2.36,3.95,2.98,2.25,3.75,2.75
Japan,J1 League,2025,28/09/2025,11:00,Kawasaki Frontale,Kashiwa Reysol,4,4,D,2.61,3.67,2.65,2.45,3.6,2.82,2.33,3.45,2.73,2.54,3.8,2.84,2.32,3.4,2.82
Japan,J1 League,2025,03/10/2025,11:00,Shonan Bellmare,Verdy,0,1,A,3.36,3.15,2.39,3.3,3.1,2.5,3.14,2.99,2.32,3.45,3.15,2.5,3.3,3,2.32
Japan,J1 League,2025,04/10/2025,05:00,Shimizu S-Pulse,FC Tokyo,1,1,D,2.98,3.36,2.5,3,3.45,2.5,2.78,3.25,2.42,3,3.45,2.58,3,3.2,2.35
Japan,J1 League,2025,04/10/2025,05:30,Nagoya Grampus,Cerezo Osaka,2,1,H,2.77,3.55,2.56,2.7,3.5,2.6,2.61,3.4,2.46,2.74,3.75,2.64,2.5,3.5,2.5
Japan,J1 League,2025,04/10/2025,06:00,Albirex Niigata,Okayama,1,1,D,2.69,3.15,2.89,2.7,3.15,2.85,2.56,3.03,2.75,2.82,3.1,2.98,2.57,3,2.7
Japan,J1 League,2025,04/10/2025,07:00,Avispa Fukuoka,Yokohama FC,1,0,H,2.56,2.97,3.26,2.66,2.9,3.5,2.5,2.8,3.07,2.72,2.96,3.2,2.55,2.75,3.1
Japan,J1 League,2025,04/10/2025,08:00,Sanfrecce Hiroshima,Machida,2,1,H,2.24,3.31,3.5,2.2,3.25,3.5,2.15,3.15,3.33,2.26,3.35,3.7,2.15,3.2,3.4
Japan,J1 League,2025,04/10/2025,09:00,Urawa Reds,Vissel Kobe,1,0,H,3.36,3.39,2.27,3.5,3.5,2.15,3.29,3.36,2.08,3.65,3.65,2.18,3.5,3.5,2.01
Japan,J1 League,2025,04/10/2025,09:30,Kashiwa Reysol,Yokohama F. Marinos,1,0,H,1.68,4.13,5,1.68,4.1,5,1.64,3.92,4.55,1.7,4.3,5.3,1.61,4.1,4.75
Japan,J1 League,2025,04/10/2025,11:00,Kyoto,Kawasaki Frontale,1,1,D,2.66,3.68,2.59,2.55,3.75,2.63,2.44,3.57,2.54,2.56,3.95,2.72,2.35,3.75,2.57
Japan,J1 League,2025,05/10/2025,07:00,Kashima Antlers,Gamba Osaka,0,0,D,2.16,3.62,3.39,2.1,3.7,3.55,2.01,3.53,3.3,2.12,3.9,3.55,1.91,3.7,3.5
Japan,J1 League,2025,17/10/2025,11:00,Sanfrecce Hiroshima,FC Tokyo,0,0,D,1.56,4.19,6.31,1.62,4,5.75,1.58,3.81,5.33,1.64,4.1,6.2,1.57,3.8,5.25
Japan,J1 League,2025,17/10/2025,11:00,Vissel Kobe,Kashima Antlers,0,0,D,2.25,3.35,3.45,2.2,3.35,4,2.1,3.22,3.4,2.24,3.45,3.75,2.01,3.2,4
Japan,J1 League,2025,18/10/2025,06:00,Gamba Osaka,Kashiwa Reysol,0,5,A,2.75,3.39,2.66,2.7,3.5,2.57,2.61,3.37,2.49,2.86,3.6,2.62,2.65,3.3,2.5
Japan,J1 League,2025,18/10/2025,06:00,Kawasaki Frontale,Shimizu S-Pulse,5,3,H,1.76,4.17,4.37,1.7,4.5,4.75,1.65,4.07,4.34,1.74,4.6,4.5,1.57,4.5,4.5
Japan,J1 League,2025,18/10/2025,06:00,Machida,Avispa Fukuoka,0,0,D,1.72,3.72,5.35,1.71,3.5,5.75,1.69,3.41,5.06,1.76,3.7,5.9,1.66,3.4,5.25
Japan,J1 League,2025,18/10/2025,06:00,Okayama,Cerezo Osaka,1,2,A,3.3,3.45,2.27,2.85,3.5,2.5,2.75,3.35,2.38,2.92,3.5,2.58,2.7,3.4,2.45
Japan,J1 League,2025,18/10/2025,06:00,Verdy,Albirex Niigata,1,0,H,2.26,3.14,3.69,2.28,3.05,3.75,2.23,2.93,3.43,2.38,3.1,3.8,2.15,3.05,3.5
Japan,J1 League,2025,18/10/2025,06:00,Yokohama F. Marinos,Urawa Reds,4,0,H,3.16,3.5,2.32,2.55,3.55,2.75,2.49,3.36,2.61,2.62,3.5,2.92,2.45,3.4,2.7
Japan,J1 League,2025,18/10/2025,06:00,Yokohama FC,Nagoya Grampus,2,2,D,2.88,2.99,2.84,2.5,2.95,3.6,2.31,2.87,3.33,2.38,3,3.75,2.3,2.85,3.5
Japan,J1 League,2025,19/10/2025,07:00,Shonan Bellmare,Kyoto,1,1,D,3.79,4.02,1.92,4.2,4,1.85,3.93,3.68,1.79,4.2,4,1.91,3.9,3.9,1.81
Japan,J1 League,2025,25/10/2025,06:00,FC Tokyo,Okayama,3,1,H,2.19,3.23,3.55,1.95,3.5,4.6,1.84,3.39,4.11,1.96,3.6,4.5,1.79,3.5,4.5
Japan,J1 League,2025,25/10/2025,06:00,Kashiwa Reysol,Yokohama FC,2,0,H,1.65,3.96,5.22,1.61,3.9,6,1.58,3.73,5.49,1.67,4,6,1.53,3.8,6
Japan,J1 League,2025,25/10/2025,06:00,Kyoto,Kashima Antlers,1,1,D,2.92,3.41,2.43,2.75,3.55,2.55,2.65,3.33,2.46,2.86,3.45,2.66,2.7,3.3,2.45
Japan,J1 League,2025,25/10/2025,06:00,Nagoya Grampus,Gamba Osaka,0,2,A,2.72,3.41,2.59,2.65,3.4,2.7,2.59,3.22,2.6,2.76,3.45,2.78,2.65,3.05,2.65
Japan,J1 League,2025,25/10/2025,06:00,Shimizu S-Pulse,Verdy,1,0,H,2.56,2.97,3.12,2.5,3.1,3.1,2.43,2.98,2.98,2.58,3.1,3.3,2.4,3.05,2.95
Japan,J1 League,2025,25/10/2025,06:00,Urawa Reds,Machida,0,0,D,3.08,3.38,2.34,3.3,3.4,2.3,3.07,3.23,2.24,3.35,3.35,2.4,3.3,3.05,2.25
Japan,J1 League,2025,25/10/2025,06:00,Yokohama F. Marinos,Sanfrecce Hiroshima,3,0,H,4.21,3.74,1.83,3.1,3.4,2.3,3.02,3.31,2.23,3.3,3.5,2.36,3.05,3.4,2.2
Japan,J1 League,2025,25/10/2025,07:00,Cerezo Osaka,Kawasaki Frontale,2,0,H,2.53,3.77,2.58,2.65,4,2.38,2.57,3.82,2.31,2.76,4.2,2.44,2.65,3.75,2.32
Japan,J1 League,2025,26/10/2025,05:00,Albirex Niigata,Vissel Kobe,2,2,D,5.38,3.91,1.64,5.75,3.8,1.71,4.74,3.68,1.67,5.1,3.9,1.78,4.75,3.8,1.62
Japan,J1 League,2025,26/10/2025,05:40,Avispa Fukuoka,Shonan Bellmare,1,0,H,1.81,3.44,4.82,1.91,3.4,4.5,1.87,3.26,4.13,1.96,3.45,4.6,1.86,3.4,4.2
Japan,J1 League,2025,08/11/2025,05:00,Kashima Antlers,Yokohama FC,2,1,H,,,,1.74,3.6,5.75,1.66,3.5,5.13,1.74,3.85,5.9,1.61,3.5,5.5
Japan,J1 League,2025,08/11/2025,05:00,Verdy,Avispa Fukuoka,0,0,D,,,,2.9,2.75,2.9,2.85,2.7,2.75,3.05,2.9,2.96,2.82,2.75,2.75
Japan,J1 League,2025,08/11/2025,06:00,Kawasaki Frontale,Okayama,1,1,D,,,,1.65,4.2,5,1.61,4.01,4.74,1.69,4.4,5.2,1.57,4.2,4.75
Japan,J1 League,2025,08/11/2025,06:00,Shonan Bellmare,Albirex Niigata,5,2,H,,,,2.88,3.3,2.5,2.83,3.2,2.4,3,3.4,2.54,2.82,3.25,2.4
Japan,J1 League,2025,08/11/2025,07:00,Kashiwa Reysol,Nagoya Grampus,1,0,H,,,,1.6,4,6.75,1.53,3.81,5.95,1.58,4.2,7.2,1.49,3.9,6.25
Japan,J1 League,2025,09/11/2025,04:01,Sanfrecce Hiroshima,Urawa Reds,3,0,H,,,,1.74,3.8,5,1.7,3.62,4.59,1.75,3.95,5.3,1.66,3.8,4.75
Japan,J1 League,2025,09/11/2025,05:03,Kyoto,Yokohama F. Marinos,0,3,A,,,,2.2,3.5,3.45,2.09,3.36,3.27,2.2,3.6,3.55,2.05,3.4,3.3
Japan,J1 League,2025,09/11/2025,05:03,Machida,FC Tokyo,0,1,A,,,,2,3.4,4.25,1.91,3.26,3.97,2,3.5,4.3,1.91,3.25,4.1
Japan,J1 League,2025,09/11/2025,06:00,Gamba Osaka,Vissel Kobe,1,1,D,,,,3.8,3.5,2.05,3.57,3.41,1.96,3.95,3.75,2.04,3.8,3.5,1.91
Japan,J1 League,2025,09/11/2025,06:00,Shimizu S-Pulse,Cerezo Osaka,1,4,A,,,,2.83,3.8,2.3,2.73,3.6,2.27,2.94,3.9,2.4,2.75,3.6,2.2
Japan,J1 League,2025,30/11/2025,05:00,Albirex Niigata,Kashiwa Reysol,1,3,A,6.68,5,1.46,7.5,5,1.5,6.37,4.48,1.43,7.2,5.1,1.47,6.5,5,1.37
Japan,J1 League,2025,30/11/2025,05:00,Avispa Fukuoka,Gamba Osaka,1,0,H,2.57,3.37,2.88,2.55,3.25,2.9,2.48,3.14,2.76,2.66,3.4,2.94,2.4,3.2,2.82
Japan,J1 League,2025,30/11/2025,05:00,Kawasaki Frontale,Sanfrecce Hiroshima,1,2,A,3.08,3.87,2.22,3,3.75,2.2,2.91,3.58,2.17,3.15,3.9,2.26,2.95,3.6,2.15
Japan,J1 League,2025,30/11/2025,05:00,Machida,Nagoya Grampus,3,1,H,1.7,3.93,5.16,1.71,3.8,5.5,1.67,3.56,4.95,1.74,3.95,5.5,1.62,3.8,4.75
Japan,J1 League,2025,30/11/2025,05:00,Okayama,Urawa Reds,0,1,A,2.79,3.42,2.61,2.95,3.25,2.6,2.78,3.14,2.47,2.88,3.4,2.64,2.75,3.2,2.5
Japan,J1 League,2025,30/11/2025,05:00,Shonan Bellmare,Shimizu S-Pulse,1,0,H,2.78,3.85,2.42,2.75,3.75,2.45,2.68,3.49,2.36,2.88,3.85,2.46,2.7,3.6,2.35
Japan,J1 League,2025,30/11/2025,05:00,Verdy,Kashima Antlers,0,1,A,5.2,3.67,1.75,5.25,3.6,1.75,4.95,3.39,1.71,5.6,3.75,1.79,5,3.5,1.71
Japan,J1 League,2025,30/11/2025,05:00,Vissel Kobe,FC Tokyo,0,0,D,1.6,4.17,5.87,1.62,4,6,1.59,3.81,5.33,1.64,4.3,6,1.53,4,5.75
Japan,J1 League,2025,30/11/2025,05:00,Yokohama F. Marinos,Cerezo Osaka,3,1,H,2.82,3.93,2.35,2.75,3.9,2.4,2.62,3.67,2.33,2.9,4,2.38,2.57,3.9,2.3
Japan,J1 League,2025,30/11/2025,05:00,Yokohama FC,Kyoto,0,1,A,3.59,3.29,2.22,3.6,3.3,2.16,3.38,3.14,2.14,3.6,3.35,2.28,3.6,3.2,2.05
Japan,J1 League,2025,06/12/2025,05:00,Cerezo Osaka,Yokohama FC,1,3,A,1.69,4.1,4.96,1.71,4.1,4.8,1.65,3.91,4.58,1.76,4.1,5,1.62,4.1,4.75
Japan,J1 League,2025,06/12/2025,05:00,FC Tokyo,Albirex Niigata,1,1,D,1.69,3.98,5.13,1.73,3.9,5,1.67,3.74,4.61,1.77,4,5.2,1.66,3.8,4.75
Japan,J1 League,2025,06/12/2025,05:00,Gamba Osaka,Verdy,4,1,H,1.93,3.65,4.09,1.93,3.7,4.1,1.85,3.49,3.92,1.94,3.8,4.3,1.86,3.7,3.8
Japan,J1 League,2025,06/12/2025,05:00,Kashima Antlers,Yokohama F. Marinos,2,1,H,1.45,4.95,6.91,1.5,4.8,7.5,1.43,4.45,6.37,1.49,4.9,7.4,1.39,4.75,7
Japan,J1 League,2025,06/12/2025,05:00,Kashiwa Reysol,Machida,1,0,H,1.68,3.89,5.47,1.79,3.9,5.33,1.66,3.66,4.83,1.71,4,5.6,1.61,3.9,5
Japan,J1 League,2025,06/12/2025,05:00,Kyoto,Vissel Kobe,2,0,H,3.06,3.76,2.27,3.5,3.75,2.25,3.14,3.45,2.12,3.2,3.75,2.28,2.95,3.6,2.15
Japan,J1 League,2025,06/12/2025,05:00,Nagoya Grampus,Avispa Fukuoka,1,0,H,2.4,3.05,3.45,2.38,3.1,3.4,2.32,2.99,3.15,2.46,3.15,3.5,2.3,2.95,3.4
Japan,J1 League,2025,06/12/2025,05:00,Sanfrecce Hiroshima,Shonan Bellmare,2,1,H,1.28,6.35,10.38,1.3,6,10.5,1.27,5.5,9.09,1.27,6.8,12,1.27,5.75,8
Japan,J1 League,2025,06/12/2025,05:00,Shimizu S-Pulse,Okayama,1,2,A,2.4,3.44,3.06,2.4,3.4,3.1,2.28,3.28,2.95,2.44,3.45,3.15,2.4,3.3,2.82
Japan,J1 League,2025,06/12/2025,05:00,Urawa Reds,Kawasaki Frontale,4,0,H,2.63,3.68,2.63,2.62,3.7,2.55,2.55,3.53,2.46,2.68,3.85,2.64,2.5,3.6,2.5
